Time,Resistance (Ohms),Stage
275,-38012.31,Calibration (20s)
276,-38433.84,Calibration (20s)
277,-38823.53,Calibration (20s)
278,-39068.9,Calibration (20s)
279,-38945.42,Calibration (20s)
280,-38840.85,Calibration (20s)
281,-38823.53,Calibration (20s)
0,-38945.42,Calibration (20s)
1,-39284.37,Calibration (20s)
2,-39375.59,Calibration (20s)
3,-39560.65,Calibration (20s)
4,-40019.55,Calibration (20s)
5,-40197.24,Calibration (20s)
6,-40378.11,Calibration (20s)
7,-40378.11,Calibration (20s)
8,-40665.99,Calibration (20s)
9,-40770.79,Calibration (20s)
12,-40603.62,Calibration (20s)
16,-40962.13,Calibration (20s)
16,-40983.61,Calibration (20s)
17,-41135.19,Calibration (20s)
18,-41222.8,Calibration (20s)
19,-41200.83,Calibration (20s)
20,-41091.66,Normal - Watch Video (4 min)
21,-41135.19,Normal - Watch Video (4 min)
22,-41400.21,Normal - Watch Video (4 min)
23,-41671.96,Normal - Watch Video (4 min)
24,-41580.61,Normal - Watch Video (4 min)
25,-41333.33,Normal - Watch Video (4 min)
26,-41333.33,Normal - Watch Video (4 min)
27,-41333.33,Normal - Watch Video (4 min)
28,-41694.91,Normal - Watch Video (4 min)
29,-41764.08,Normal - Watch Video (4 min)
31,-42333.7,Normal - Watch Video (4 min)
32,-42407,Normal - Watch Video (4 min)
34,-42092.77,Normal - Watch Video (4 min)
34,-42045.21,Normal - Watch Video (4 min)
35,-41997.85,Normal - Watch Video (4 min)
36,-41903.74,Normal - Watch Video (4 min)
37,-41856.99,Normal - Watch Video (4 min)
38,-41833.69,Normal - Watch Video (4 min)
38,-41903.74,Normal - Watch Video (4 min)
39,-41927.2,Normal - Watch Video (4 min)
40,-41903.74,Normal - Watch Video (4 min)
41,-41997.85,Normal - Watch Video (4 min)
42,-42092.77,Normal - Watch Video (4 min)
43,-42358.08,Normal - Watch Video (4 min)
44,-42236.7,Normal - Watch Video (4 min)
45,-42260.87,Normal - Watch Video (4 min)
46,-42629.84,Normal - Watch Video (4 min)
48,-42555.07,Normal - Watch Video (4 min)
48,-42456.14,Normal - Watch Video (4 min)
49,-42333.7,Normal - Watch Video (4 min)
50,-42260.87,Normal - Watch Video (4 min)
51,-42092.77,Normal - Watch Video (4 min)
54,-42933.93,Normal - Watch Video (4 min)
58,-42755.55,Normal - Watch Video (4 min)
60,-42780.87,Normal - Watch Video (4 min)
60,-42831.66,Normal - Watch Video (4 min)
60,-42882.68,Normal - Watch Video (4 min)
60,-42857.14,Normal - Watch Video (4 min)
60,-42831.66,Normal - Watch Video (4 min)
60,-42780.87,Normal - Watch Video (4 min)
61,-42806.23,Normal - Watch Video (4 min)
62,-42908.28,Normal - Watch Video (4 min)
63,-42908.28,Normal - Watch Video (4 min)
64,-42857.14,Normal - Watch Video (4 min)
65,-42806.23,Normal - Watch Video (4 min)
66,-42705.1,Normal - Watch Video (4 min)
67,-42579.93,Normal - Watch Video (4 min)
68,-42933.93,Normal - Watch Video (4 min)
69,-43037.12,Normal - Watch Video (4 min)
70,-43459.34,Normal - Watch Video (4 min)
71,-43540.23,Normal - Watch Video (4 min)
72,-43621.68,Normal - Watch Video (4 min)
73,-43459.34,Normal - Watch Video (4 min)
74,-43299.2,Normal - Watch Video (4 min)
75,-43432.5,Normal - Watch Video (4 min)
76,-43352.34,Normal - Watch Video (4 min)
77,-43459.34,Normal - Watch Video (4 min)
78,-43405.71,Normal - Watch Video (4 min)
79,-43567.32,Normal - Watch Video (4 min)
80,-43567.32,Normal - Watch Video (4 min)
81,-43925.23,Normal - Watch Video (4 min)
82,-43786.3,Normal - Watch Video (4 min)
83,-43731.17,Normal - Watch Video (4 min)
84,-43731.17,Normal - Watch Video (4 min)
85,-43953.21,Normal - Watch Video (4 min)
86,-43953.21,Normal - Watch Video (4 min)
87,-43897.32,Normal - Watch Video (4 min)
88,-43703.7,Normal - Watch Video (4 min)
89,-43540.23,Normal - Watch Video (4 min)
90,-43219.95,Normal - Watch Video (4 min)
91,-43272.73,Normal - Watch Video (4 min)
92,-43352.34,Normal - Watch Video (4 min)
93,-43272.73,Normal - Watch Video (4 min)
94,-43648.96,Normal - Watch Video (4 min)
95,-43648.96,Normal - Watch Video (4 min)
96,-43621.68,Normal - Watch Video (4 min)
97,-43325.74,Normal - Watch Video (4 min)
98,-43272.73,Normal - Watch Video (4 min)
99,-42985.41,Normal - Watch Video (4 min)
100,-43115.12,Normal - Watch Video (4 min)
101,-43089.06,Normal - Watch Video (4 min)
102,-43141.24,Normal - Watch Video (4 min)
103,-43115.12,Normal - Watch Video (4 min)
104,-43037.12,Normal - Watch Video (4 min)
105,-42933.93,Normal - Watch Video (4 min)
106,-43011.23,Normal - Watch Video (4 min)
107,-43089.06,Normal - Watch Video (4 min)
108,-43115.12,Normal - Watch Video (4 min)
109,-42882.68,Normal - Watch Video (4 min)
110,-42806.23,Normal - Watch Video (4 min)
111,-42679.96,Normal - Watch Video (4 min)
112,-43115.12,Normal - Watch Video (4 min)
113,-43299.2,Normal - Watch Video (4 min)
114,-43272.73,Normal - Watch Video (4 min)
115,-43193.66,Normal - Watch Video (4 min)
116,-42985.41,Normal - Watch Video (4 min)
117,-42985.41,Normal - Watch Video (4 min)
118,-43089.06,Normal - Watch Video (4 min)
119,-42908.28,Normal - Watch Video (4 min)
120,-42933.93,Normal - Watch Video (4 min)
121,-43272.73,Normal - Watch Video (4 min)
122,-44065.8,Normal - Watch Video (4 min)
123,-44294.19,Normal - Watch Video (4 min)
124,-44351.96,Normal - Watch Video (4 min)
125,-44150.95,Normal - Watch Video (4 min)
126,-43897.32,Normal - Watch Video (4 min)
127,-43841.68,Normal - Watch Video (4 min)
128,-43869.46,Normal - Watch Video (4 min)
129,-44122.5,Normal - Watch Video (4 min)
130,-44150.95,Normal - Watch Video (4 min)
131,-44150.95,Normal - Watch Video (4 min)
132,-44410.01,Normal - Watch Video (4 min)
133,-44526.95,Normal - Watch Video (4 min)
134,-44410.01,Normal - Watch Video (4 min)
135,-44179.46,Normal - Watch Video (4 min)
136,-44037.56,Normal - Watch Video (4 min)
137,-43841.68,Normal - Watch Video (4 min)
138,-43731.17,Normal - Watch Video (4 min)
139,-43841.68,Normal - Watch Video (4 min)
140,-44037.56,Normal - Watch Video (4 min)
141,-44122.5,Normal - Watch Video (4 min)
142,-44410.01,Normal - Watch Video (4 min)
143,-44615.38,Normal - Watch Video (4 min)
144,-44439.14,Normal - Watch Video (4 min)
145,-44674.7,Normal - Watch Video (4 min)
146,-45098.04,Normal - Watch Video (4 min)
147,-45221.68,Normal - Watch Video (4 min)
148,-45128.84,Normal - Watch Video (4 min)
149,-44764.21,Normal - Watch Video (4 min)
150,-44468.34,Normal - Watch Video (4 min)
168,-47197.87,Normal - Watch Video (4 min)
168,-47161.8,Normal - Watch Video (4 min)
169,-46911.96,Normal - Watch Video (4 min)
170,-46771.24,Normal - Watch Video (4 min)
171,-46701.43,Normal - Watch Video (4 min)
172,-46357.79,Normal - Watch Video (4 min)
173,-46425.8,Normal - Watch Video (4 min)
174,-46290.12,Normal - Watch Video (4 min)
175,-46841.41,Normal - Watch Video (4 min)
176,-47018.47,Normal - Watch Video (4 min)
177,-47125.83,Normal - Watch Video (4 min)
178,-47125.83,Normal - Watch Video (4 min)
179,-46701.43,Normal - Watch Video (4 min)
180,-46494.18,Normal - Watch Video (4 min)
181,-46666.67,Normal - Watch Video (4 min)
182,-46771.24,Normal - Watch Video (4 min)
183,-46597.4,Normal - Watch Video (4 min)
184,-46562.91,Normal - Watch Video (4 min)
185,-46189.26,Normal - Watch Video (4 min)
186,-46256.41,Normal - Watch Video (4 min)
187,-46189.26,Normal - Watch Video (4 min)
188,-46357.79,Normal - Watch Video (4 min)
189,-46425.8,Normal - Watch Video (4 min)
190,-47018.47,Normal - Watch Video (4 min)
191,-46876.64,Normal - Watch Video (4 min)
192,-47234.04,Normal - Watch Video (4 min)
193,-47453.08,Normal - Watch Video (4 min)
194,-47713.13,Normal - Watch Video (4 min)
195,-48170.56,Normal - Watch Video (4 min)
196,-48170.56,Normal - Watch Video (4 min)
197,-48016.41,Normal - Watch Video (4 min)
198,-47863.95,Normal - Watch Video (4 min)
199,-47863.95,Normal - Watch Video (4 min)
200,-47675.68,Normal - Watch Video (4 min)
201,-47343.12,Normal - Watch Video (4 min)
202,-47270.3,Normal - Watch Video (4 min)
203,-47234.04,Normal - Watch Video (4 min)
204,-47234.04,Normal - Watch Video (4 min)
205,-47018.47,Normal - Watch Video (4 min)
206,-46841.41,Normal - Watch Video (4 min)
207,-47234.04,Normal - Watch Video (4 min)
208,-47343.12,Normal - Watch Video (4 min)
209,-47788.33,Normal - Watch Video (4 min)
210,-47901.91,Normal - Watch Video (4 min)
211,-48248.28,Normal - Watch Video (4 min)
212,-48404.99,Normal - Watch Video (4 min)
213,-48054.79,Normal - Watch Video (4 min)
214,-48248.28,Normal - Watch Video (4 min)
215,-48764.05,Normal - Watch Video (4 min)
216,-49173.79,Normal - Watch Video (4 min)
217,-49724.24,Normal - Watch Video (4 min)
218,-50476.19,Normal - Watch Video (4 min)
219,-50385.76,Normal - Watch Video (4 min)
220,-50340.74,Normal - Watch Video (4 min)
221,-49854.23,Normal - Watch Video (4 min)
222,-49767.44,Normal - Watch Video (4 min)
223,-49767.44,Normal - Watch Video (4 min)
224,-50612.86,Normal - Watch Video (4 min)
225,-50476.19,Normal - Watch Video (4 min)
226,-49810.77,Normal - Watch Video (4 min)
227,-49985.36,Normal - Watch Video (4 min)
228,-50206.49,Normal - Watch Video (4 min)
229,-50704.65,Normal - Watch Video (4 min)
230,-50889.89,Normal - Watch Video (4 min)
231,-50983.36,Normal - Watch Video (4 min)
232,-50521.61,Normal - Watch Video (4 min)
233,-49985.36,Normal - Watch Video (4 min)
234,-49810.77,Normal - Watch Video (4 min)
235,-49767.44,Normal - Watch Video (4 min)
236,-49767.44,Normal - Watch Video (4 min)
237,-49638.21,Normal - Watch Video (4 min)
238,-49215.41,Normal - Watch Video (4 min)
239,-49638.21,Normal - Watch Video (4 min)
240,-49638.21,Normal - Watch Video (4 min)
241,-49132.29,Normal - Watch Video (4 min)
242,-49132.29,Normal - Watch Video (4 min)
243,-49090.91,Normal - Watch Video (4 min)
244,-49467.62,Normal - Watch Video (4 min)
245,-49340.97,Normal - Watch Video (4 min)
246,-49854.23,Normal - Watch Video (4 min)
247,-49681.16,Normal - Watch Video (4 min)
248,-49724.24,Normal - Watch Video (4 min)
249,-49595.37,Normal - Watch Video (4 min)
250,-49595.37,Normal - Watch Video (4 min)
251,-49724.24,Normal - Watch Video (4 min)
252,-49552.67,Normal - Watch Video (4 min)
253,-49897.81,Normal - Watch Video (4 min)
254,-49767.44,Normal - Watch Video (4 min)
255,-49638.21,Normal - Watch Video (4 min)
256,-49299,Normal - Watch Video (4 min)
257,-49299,Normal - Watch Video (4 min)
258,-48845.07,Normal - Watch Video (4 min)
259,-48723.7,Normal - Watch Video (4 min)
260,-48523.68,Remove 5 Easy Pieces (3 min)
261,-48444.45,Remove 5 Easy Pieces (3 min)
262,-48723.7,Remove 5 Easy Pieces (3 min)
263,-49132.29,Remove 5 Easy Pieces (3 min)
264,-52150.71,Remove 5 Easy Pieces (3 min)
265,-52820.51,Remove 5 Easy Pieces (3 min)
266,-52820.51,Remove 5 Easy Pieces (3 min)
267,-52768,Remove 5 Easy Pieces (3 min)
268,-52302.84,Remove 5 Easy Pieces (3 min)
269,-52050.08,Remove 5 Easy Pieces (3 min)
270,-51459.29,Remove 5 Easy Pieces (3 min)
271,-51653.79,Remove 5 Easy Pieces (3 min)
272,-51950.08,Remove 5 Easy Pieces (3 min)
273,-52000,Remove 5 Easy Pieces (3 min)
274,-52000,Remove 5 Easy Pieces (3 min)
275,-51850.7,Remove 5 Easy Pieces (3 min)
276,-51653.79,Remove 5 Easy Pieces (3 min)
277,-51702.79,Remove 5 Easy Pieces (3 min)
278,-52456.42,Remove 5 Easy Pieces (3 min)
279,-52715.66,Remove 5 Easy Pieces (3 min)
280,-52456.42,Remove 5 Easy Pieces (3 min)
281,-53139.16,Remove 5 Easy Pieces (3 min)
282,-57577.98,Remove 5 Easy Pieces (3 min)
283,-58787.88,Remove 5 Easy Pieces (3 min)
284,-59158.7,Remove 5 Easy Pieces (3 min)
285,-58787.88,Remove 5 Easy Pieces (3 min)
286,-58568.74,Remove 5 Easy Pieces (3 min)
287,-57855.82,Remove 5 Easy Pieces (3 min)
288,-58714.55,Remove 5 Easy Pieces (3 min)
289,-58787.88,Remove 5 Easy Pieces (3 min)
290,-58935.36,Remove 5 Easy Pieces (3 min)
291,-58935.36,Remove 5 Easy Pieces (3 min)
292,-58714.55,Remove 5 Easy Pieces (3 min)
293,-58137.8,Remove 5 Easy Pieces (3 min)
294,-57372.26,Remove 5 Easy Pieces (3 min)
295,-57304.19,Remove 5 Easy Pieces (3 min)
296,-57785.98,Remove 5 Easy Pieces (3 min)
297,-57996.29,Remove 5 Easy Pieces (3 min)
298,-57996.29,Remove 5 Easy Pieces (3 min)
299,-57716.39,Remove 5 Easy Pieces (3 min)
300,-57855.82,Remove 5 Easy Pieces (3 min)
301,-58352.06,Remove 5 Easy Pieces (3 min)
302,-61373.74,Remove 5 Easy Pieces (3 min)
303,-61042.09,Remove 5 Easy Pieces (3 min)
304,-61207.24,Remove 5 Easy Pieces (3 min)
305,-60078.28,Remove 5 Easy Pieces (3 min)
306,-59233.71,Remove 5 Easy Pieces (3 min)
307,-60078.28,Remove 5 Easy Pieces (3 min)
308,-60156.86,Remove 5 Easy Pieces (3 min)
309,-60394.48,Remove 5 Easy Pieces (3 min)
310,-60078.28,Remove 5 Easy Pieces (3 min)
311,-61042.09,Remove 5 Easy Pieces (3 min)
312,-61290.32,Remove 5 Easy Pieces (3 min)
313,-61290.32,Remove 5 Easy Pieces (3 min)
314,-60878.24,Remove 5 Easy Pieces (3 min)
315,-60394.48,Remove 5 Easy Pieces (3 min)
316,-61042.09,Remove 5 Easy Pieces (3 min)
317,-61710.79,Remove 5 Easy Pieces (3 min)
318,-63854.39,Remove 5 Easy Pieces (3 min)
319,-65209.71,Remove 5 Easy Pieces (3 min)
320,-64716.16,Remove 5 Easy Pieces (3 min)
321,-63948.5,Remove 5 Easy Pieces (3 min)
322,-63574.47,Remove 5 Easy Pieces (3 min)
323,-63667.38,Remove 5 Easy Pieces (3 min)
324,-64137.93,Remove 5 Easy Pieces (3 min)
325,-64043.01,Remove 5 Easy Pieces (3 min)
326,-64137.93,Remove 5 Easy Pieces (3 min)
327,-64618.74,Remove 5 Easy Pieces (3 min)
328,-65209.71,Remove 5 Easy Pieces (3 min)
329,-64233.26,Remove 5 Easy Pieces (3 min)
330,-64137.93,Remove 5 Easy Pieces (3 min)
331,-63667.38,Remove 5 Easy Pieces (3 min)
332,-65209.71,Remove 5 Easy Pieces (3 min)
333,-66334.84,Remove 5 Easy Pieces (3 min)
334,-66651.48,Remove 5 Easy Pieces (3 min)
335,-66022.47,Remove 5 Easy Pieces (3 min)
336,-65816.55,Remove 5 Easy Pieces (3 min)
337,-66757.99,Remove 5 Easy Pieces (3 min)
338,-68646.08,Remove 5 Easy Pieces (3 min)
339,-69230.77,Remove 5 Easy Pieces (3 min)
340,-68646.08,Remove 5 Easy Pieces (3 min)
341,-69829.69,Remove 5 Easy Pieces (3 min)
342,-69349.4,Remove 5 Easy Pieces (3 min)
343,-69349.4,Remove 5 Easy Pieces (3 min)
344,-70818.86,Remove 5 Easy Pieces (3 min)
345,-71328.32,Remove 5 Easy Pieces (3 min)
346,-71457.29,Remove 5 Easy Pieces (3 min)
347,-71848.1,Remove 5 Easy Pieces (3 min)
348,-69951.22,Remove 5 Easy Pieces (3 min)
349,-71072.32,Remove 5 Easy Pieces (3 min)
350,-72378.52,Remove 5 Easy Pieces (3 min)
351,-71848.1,Remove 5 Easy Pieces (3 min)
352,-72647.81,Remove 5 Easy Pieces (3 min)
353,-71586.9,Remove 5 Easy Pieces (3 min)
354,-70945.27,Remove 5 Easy Pieces (3 min)
355,-70073.35,Remove 5 Easy Pieces (3 min)
356,-70567.9,Remove 5 Easy Pieces (3 min)
357,-71200,Remove 5 Easy Pieces (3 min)
358,-70818.86,Remove 5 Easy Pieces (3 min)
359,-70443.35,Remove 5 Easy Pieces (3 min)
360,-68995.22,Remove 5 Easy Pieces (3 min)
361,-69112.71,Remove 5 Easy Pieces (3 min)
362,-69468.6,Remove 5 Easy Pieces (3 min)
363,-73333.34,Remove 5 Easy Pieces (3 min)
365,-71457.29,Remove 5 Easy Pieces (3 min)
366,-71200,Remove 5 Easy Pieces (3 min)
366,-70945.27,Remove 5 Easy Pieces (3 min)
367,-71072.32,Remove 5 Easy Pieces (3 min)
368,-71200,Remove 5 Easy Pieces (3 min)
369,-72919.9,Remove 5 Easy Pieces (3 min)
370,-74613.34,Remove 5 Easy Pieces (3 min)
371,-75202.16,Remove 5 Easy Pieces (3 min)
372,-73333.34,Remove 5 Easy Pieces (3 min)
373,-72919.9,Remove 5 Easy Pieces (3 min)
374,-72512.82,Remove 5 Easy Pieces (3 min)
375,-74036.94,Remove 5 Easy Pieces (3 min)
376,-73472.59,Remove 5 Easy Pieces (3 min)
377,-72111.96,Remove 5 Easy Pieces (3 min)
378,-70945.27,Remove 5 Easy Pieces (3 min)
379,-68995.22,Remove 5 Easy Pieces (3 min)
380,-69230.77,Remove 5 Easy Pieces (3 min)
381,-68188.23,Remove 5 Easy Pieces (3 min)
382,-68301.89,Remove 5 Easy Pieces (3 min)
383,-67517.4,Remove 5 Easy Pieces (3 min)
384,-68646.08,Remove 5 Easy Pieces (3 min)
385,-68416.08,Remove 5 Easy Pieces (3 min)
386,-68188.23,Remove 5 Easy Pieces (3 min)
387,-67407.41,Remove 5 Easy Pieces (3 min)
388,-68878.28,Remove 5 Easy Pieces (3 min)
389,-71328.32,Remove 5 Easy Pieces (3 min)
390,-72378.52,Remove 5 Easy Pieces (3 min)
391,-73333.34,Remove 5 Easy Pieces (3 min)
392,-72512.82,Remove 5 Easy Pieces (3 min)
393,-70818.86,Remove 5 Easy Pieces (3 min)
394,-69349.4,Remove 5 Easy Pieces (3 min)
395,-68646.08,Remove 5 Easy Pieces (3 min)
396,-69468.6,Remove 5 Easy Pieces (3 min)
397,-68646.08,Remove 5 Easy Pieces (3 min)
399,-67850.47,Remove 5 Easy Pieces (3 min)
399,-67738.93,Remove 5 Easy Pieces (3 min)
400,-68416.08,Remove 5 Easy Pieces (3 min)
401,-69112.71,Remove 5 Easy Pieces (3 min)
402,-71457.29,Remove 5 Easy Pieces (3 min)
403,-71979.7,Remove 5 Easy Pieces (3 min)
404,-72111.96,Remove 5 Easy Pieces (3 min)
405,-72111.96,Remove 5 Easy Pieces (3 min)
406,-70693.07,Remove 5 Easy Pieces (3 min)
407,-69829.69,Remove 5 Easy Pieces (3 min)
408,-71200,Remove 5 Easy Pieces (3 min)
409,-73753.28,Remove 5 Easy Pieces (3 min)
410,-72647.81,Remove 5 Easy Pieces (3 min)
411,-71979.7,Remove 5 Easy Pieces (3 min)
412,-71200,Remove 5 Easy Pieces (3 min)
413,-69349.4,Remove 5 Easy Pieces (3 min)
414,-68530.8,Remove 5 Easy Pieces (3 min)
415,-67738.93,Remove 5 Easy Pieces (3 min)
416,-67627.91,Remove 5 Easy Pieces (3 min)
417,-68995.22,Remove 5 Easy Pieces (3 min)
418,-68530.8,Remove 5 Easy Pieces (3 min)
419,-67738.93,Remove 5 Easy Pieces (3 min)
420,-67297.92,Remove 5 Easy Pieces (3 min)
421,-67080.46,Remove 5 Easy Pieces (3 min)
422,-67297.92,Remove 5 Easy Pieces (3 min)
423,-67407.41,Remove 5 Easy Pieces (3 min)
424,-67407.41,Remove 5 Easy Pieces (3 min)
425,-69349.4,Remove 5 Easy Pieces (3 min)
426,-70945.27,Remove 5 Easy Pieces (3 min)
427,-71200,Remove 5 Easy Pieces (3 min)
428,-72111.96,Remove 5 Easy Pieces (3 min)
429,-71457.29,Remove 5 Easy Pieces (3 min)
430,-70567.9,Remove 5 Easy Pieces (3 min)
431,-69468.6,Remove 5 Easy Pieces (3 min)
432,-67962.53,Remove 5 Easy Pieces (3 min)
433,-67407.41,Remove 5 Easy Pieces (3 min)
434,-67297.92,Remove 5 Easy Pieces (3 min)
435,-65919.28,Remove 5 Easy Pieces (3 min)
436,-66126.13,Remove 5 Easy Pieces (3 min)
437,-66334.84,Remove 5 Easy Pieces (3 min)
438,-65919.28,Remove 5 Easy Pieces (3 min)
439,-65612.47,Remove 5 Easy Pieces (3 min)
440,-65010.99,Remove 12 Pieces with Noise (1 min)
441,-64814,Remove 12 Pieces with Noise (1 min)
442,-63948.5,Remove 12 Pieces with Noise (1 min)
443,-65010.99,Remove 12 Pieces with Noise (1 min)
444,-67738.93,Remove 12 Pieces with Noise (1 min)
445,-67962.53,Remove 12 Pieces with Noise (1 min)
446,-67627.91,Remove 12 Pieces with Noise (1 min)
447,-68416.08,Remove 12 Pieces with Noise (1 min)
448,-68188.23,Remove 12 Pieces with Noise (1 min)
449,-67407.41,Remove 12 Pieces with Noise (1 min)
450,-66864.99,Remove 12 Pieces with Noise (1 min)
451,-66230.25,Remove 12 Pieces with Noise (1 min)
452,-66230.25,Remove 12 Pieces with Noise (1 min)
453,-67080.46,Remove 12 Pieces with Noise (1 min)
454,-68530.8,Remove 12 Pieces with Noise (1 min)
455,-68995.22,Remove 12 Pieces with Noise (1 min)
456,-68995.22,Remove 12 Pieces with Noise (1 min)
457,-67627.91,Remove 12 Pieces with Noise (1 min)
458,-67407.41,Remove 12 Pieces with Noise (1 min)
459,-68530.8,Remove 12 Pieces with Noise (1 min)
460,-67627.91,Remove 12 Pieces with Noise (1 min)
461,-67188.94,Remove 12 Pieces with Noise (1 min)
462,-66972.48,Remove 12 Pieces with Noise (1 min)
463,-67080.46,Remove 12 Pieces with Noise (1 min)
464,-66757.99,Remove 12 Pieces with Noise (1 min)
465,-67188.94,Remove 12 Pieces with Noise (1 min)
466,-67962.53,Remove 12 Pieces with Noise (1 min)
467,-68301.89,Remove 12 Pieces with Noise (1 min)
468,-67850.47,Remove 12 Pieces with Noise (1 min)
469,-68188.23,Remove 12 Pieces with Noise (1 min)
470,-70818.86,Remove 12 Pieces with Noise (1 min)
471,-71328.32,Remove 12 Pieces with Noise (1 min)
472,-71328.32,Remove 12 Pieces with Noise (1 min)
473,-72919.9,Remove 12 Pieces with Noise (1 min)
474,-74759.36,Remove 12 Pieces with Noise (1 min)
475,-74906.16,Remove 12 Pieces with Noise (1 min)
476,-74179.89,Remove 12 Pieces with Noise (1 min)
477,-73472.59,Remove 12 Pieces with Noise (1 min)
478,-73472.59,Remove 12 Pieces with Noise (1 min)
479,-73472.59,Remove 12 Pieces with Noise (1 min)
480,-72783.51,Remove 12 Pieces with Noise (1 min)
481,-72378.52,Remove 12 Pieces with Noise (1 min)
482,-73472.59,Remove 12 Pieces with Noise (1 min)
483,-77047.35,Remove 12 Pieces with Noise (1 min)
484,-79708.45,Remove 12 Pieces with Noise (1 min)
485,-77690.14,Remove 12 Pieces with Noise (1 min)
486,-78017,Remove 12 Pieces with Noise (1 min)
487,-76109.59,Remove 12 Pieces with Noise (1 min)
488,-75351.35,Remove 12 Pieces with Noise (1 min)
489,-74036.94,Remove 12 Pieces with Noise (1 min)
491,-77047.35,Remove 12 Pieces with Noise (1 min)
491,-76574.59,Remove 12 Pieces with Noise (1 min)
492,-77528.09,Remove 12 Pieces with Noise (1 min)
493,-77366.95,Remove 12 Pieces with Noise (1 min)
494,-76574.59,Remove 12 Pieces with Noise (1 min)
495,-75351.35,Remove 12 Pieces with Noise (1 min)
496,-77690.14,Remove 12 Pieces with Noise (1 min)
497,-78850.58,Remove 12 Pieces with Noise (1 min)
498,-80771.52,Remove 12 Pieces with Noise (1 min)
499,-80591.72,Remove 12 Pieces with Noise (1 min)
500,-78681.95,Relaxation with Music (1 min)
501,-76731.3,Relaxation with Music (1 min)
502,-75956.28,Relaxation with Music (1 min)
503,-76418.73,Relaxation with Music (1 min)
504,-77366.95,Relaxation with Music (1 min)
505,-75956.28,Relaxation with Music (1 min)
506,-75652.17,Relaxation with Music (1 min)
507,-82822.09,Relaxation with Music (1 min)
508,-85222.93,Relaxation with Music (1 min)
509,-85222.93,Relaxation with Music (1 min)
510,-84200.63,Relaxation with Music (1 min)
511,-83209.87,Relaxation with Music (1 min)
512,-80952.38,Relaxation with Music (1 min)
513,-81686.75,Relaxation with Music (1 min)
527,-86064.52,Relaxation with Music (1 min)
527,-84000,Relaxation with Music (1 min)
527,-84200.63,Relaxation with Music (1 min)
527,-84000,Relaxation with Music (1 min)
527,-84200.63,Relaxation with Music (1 min)
527,-83800.62,Relaxation with Music (1 min)
528,-80952.38,Relaxation with Music (1 min)
529,-80952.38,Relaxation with Music (1 min)
529,-80952.38,Relaxation with Music (1 min)
529,-79883.04,Relaxation with Music (1 min)
530,-79883.04,Relaxation with Music (1 min)
530,-79708.45,Relaxation with Music (1 min)
530,-80058.65,Relaxation with Music (1 min)
531,-80952.38,Relaxation with Music (1 min)
532,-80952.38,Relaxation with Music (1 min)
533,-81873.11,Relaxation with Music (1 min)
534,-81501.5,Relaxation with Music (1 min)
535,-83602.48,Relaxation with Music (1 min)
537,-89897.61,Relaxation with Music (1 min)
540,-89897.61,Relaxation with Music (1 min)
543,-85852.09,Relaxation with Music (1 min)
544,-88494.98,Relaxation with Music (1 min)
544,-88956.23,Relaxation with Music (1 min)
544,-88724.84,Relaxation with Music (1 min)
545,-88724.84,Relaxation with Music (1 min)
546,-88494.98,Relaxation with Music (1 min)
547,-87147.54,Relaxation with Music (1 min)
548,-86710.1,Relaxation with Music (1 min)
549,-84200.63,Relaxation with Music (1 min)
551,-83800.62,Relaxation with Music (1 min)
554,-82060.61,Relaxation with Music (1 min)
556,-79362.32,Relaxation with Music (1 min)
556,-80952.38,Relaxation with Music (1 min)
556,-80771.52,Relaxation with Music (1 min)
556,-80952.38,Relaxation with Music (1 min)
557,-80058.65,Relaxation with Music (1 min)
558,-79708.45,Relaxation with Music (1 min)
558,-80058.65,Relaxation with Music (1 min)
559,-78514.29,Relaxation with Music (1 min)
560,-78347.58,Session Finished
561,-77047.35,Session Finished
565,-79190.75,Session Finished
565,-78347.58,Session Finished
565,-79020.17,Session Finished
563,-76418.73,Session Finished
566,-79708.45,Session Finished
567,-80952.38,Session Finished
571,-78514.29,Session Finished
572,-76418.73,Session Finished
573,-75652.17,Session Finished
575,-73753.28,Session Finished
575,-74468.09,Session Finished
575,-74179.89,Session Finished
575,-73472.59,Session Finished
576,-73753.28,Session Finished
577,-73194.8,Session Finished
578,-72647.81,Session Finished
579,-72512.82,Session Finished
580,-72378.52,Session Finished
581,-73472.59,Session Finished
582,-73472.59,Session Finished
583,-73333.34,Session Finished
584,-71848.1,Session Finished
585,-71072.32,Session Finished
586,-71200,Session Finished
587,-70319.41,Session Finished
588,-70443.35,Session Finished
589,-69708.73,Session Finished
590,-68995.22,Session Finished
591,-68416.08,Session Finished
592,-67962.53,Session Finished
593,-67297.92,Session Finished
594,-67297.92,Session Finished
595,-66972.48,Session Finished
596,-66439.91,Session Finished
597,-66230.25,Session Finished
598,-66864.99,Session Finished
599,-66230.25,Session Finished
600,-65714.29,Session Finished
602,-65714.29,Session Finished
603,-65714.29,Session Finished
603,-65511.11,Session Finished
604,-65919.28,Session Finished
605,-65010.99,Session Finished
606,-66022.47,Session Finished
607,-66230.25,Calibration (20s)
608,-67188.94,Calibration (20s)
609,-67188.94,Calibration (20s)
610,-65919.28,Calibration (20s)
612,-30957.73,Calibration (20s)
615,-30946.02,Calibration (20s)
615,-30940.17,Calibration (20s)
613,-30940.17,Calibration (20s)
616,-30922.67,Calibration (20s)
616,-30940.17,Calibration (20s)
617,-30940.17,Calibration (20s)
618,-30940.17,Calibration (20s)
621,-30934.33,Calibration (20s)
621,-30946.02,Calibration (20s)
623,-30940.17,Calibration (20s)
623,-30940.17,Calibration (20s)
624,-30928.5,Calibration (20s)
625,-30940.17,Calibration (20s)
627,-30928.5,Calibration (20s)
628,-30934.33,Calibration (20s)
630,-30940.17,Calibration (20s)
632,-30940.17,Calibration (20s)
635,-30957.73,Calibration (20s)
635,-30946.02,Calibration (20s)
630,-30940.17,Calibration (20s)
638,-30934.33,Calibration (20s)
639,-30934.33,Calibration (20s)
640,-30940.17,Calibration (20s)
641,-30928.5,Calibration (20s)
641,-30940.17,Calibration (20s)
641,-30940.17,Calibration (20s)
642,-30922.67,Calibration (20s)
642,-30940.17,Calibration (20s)
644,-30940.17,Calibration (20s)
645,-30940.17,Calibration (20s)
646,-30940.17,Calibration (20s)
646,-30946.02,Calibration (20s)
648,-30940.17,Calibration (20s)
648,-30940.17,Calibration (20s)
650,-30940.17,Calibration (20s)
651,-30928.5,Calibration (20s)
652,-30940.17,Calibration (20s)
652,-30940.17,Calibration (20s)
653,-30934.33,Calibration (20s)
654,-32270.82,Calibration (20s)
655,-35125.55,Calibration (20s)
656,-36609.89,Calibration (20s)
658,-37489.32,Calibration (20s)
658,-38236.87,Calibration (20s)
659,-38467.09,Calibration (20s)
660,-38601.27,Calibration (20s)
661,-38998.14,Calibration (20s)
663,-39194,Calibration (20s)
663,-39194,Calibration (20s)
0,-40019.55,Calibration (20s)
2,-40582.91,Calibration (20s)
2,-40728.75,Calibration (20s)
3,-40645.16,Calibration (20s)
4,-40418.74,Calibration (20s)
5,-40317.46,Calibration (20s)
6,-40137.66,Calibration (20s)
7,-40019.55,Calibration (20s)
8,-40019.55,Calibration (20s)
10,-40582.91,Calibration (20s)
11,-40940.7,Calibration (20s)
12,-40749.75,Calibration (20s)
12,-40624.37,Calibration (20s)
13,-40603.62,Calibration (20s)
15,-40983.61,Calibration (20s)
15,-40940.7,Calibration (20s)
16,-40770.79,Calibration (20s)
18,-41069.96,Calibration (20s)
19,-41135.19,Calibration (20s)
19,-40983.61,Calibration (20s)
20,-40919.3,Normal - Watch Video (4 min)
21,-40834.18,Normal - Watch Video (4 min)
22,-40645.16,Normal - Watch Video (4 min)
23,-40665.99,Normal - Watch Video (4 min)
24,-41222.8,Normal - Watch Video (4 min)
27,-41005.13,Normal - Watch Video (4 min)
28,-40983.61,Normal - Watch Video (4 min)
28,-40983.61,Normal - Watch Video (4 min)
29,-41113.4,Normal - Watch Video (4 min)
29,-41135.19,Normal - Watch Video (4 min)
31,-41178.9,Normal - Watch Video (4 min)
31,-41266.87,Normal - Watch Video (4 min)
32,-41694.91,Normal - Watch Video (4 min)
34,-41288.98,Normal - Watch Video (4 min)
34,-41490.03,Normal - Watch Video (4 min)
35,-41557.89,Normal - Watch Video (4 min)
36,-41810.44,Normal - Watch Video (4 min)
37,-41694.91,Normal - Watch Video (4 min)
39,-41355.58,Normal - Watch Video (4 min)
39,-41377.87,Normal - Watch Video (4 min)
40,-41333.33,Normal - Watch Video (4 min)
41,-41113.4,Normal - Watch Video (4 min)
42,-40983.61,Normal - Watch Video (4 min)
43,-41005.13,Normal - Watch Video (4 min)
44,-40962.13,Normal - Watch Video (4 min)
46,-40834.18,Normal - Watch Video (4 min)
47,-40665.99,Normal - Watch Video (4 min)
48,-40728.75,Normal - Watch Video (4 min)
48,-40728.75,Normal - Watch Video (4 min)
49,-40645.16,Normal - Watch Video (4 min)
50,-40834.18,Normal - Watch Video (4 min)
51,-42285.09,Normal - Watch Video (4 min)
52,-42092.77,Normal - Watch Video (4 min)
53,-41950.7,Normal - Watch Video (4 min)
55,-41787.23,Normal - Watch Video (4 min)
57,-41333.33,Normal - Watch Video (4 min)
58,-41400.21,Normal - Watch Video (4 min)
59,-41740.98,Normal - Watch Video (4 min)
62,-41927.2,Normal - Watch Video (4 min)
62,-41694.91,Normal - Watch Video (4 min)
64,-41535.23,Normal - Watch Video (4 min)
64,-41535.23,Normal - Watch Video (4 min)
64,-41422.59,Normal - Watch Video (4 min)
65,-41445.03,Normal - Watch Video (4 min)
65,-41445.03,Normal - Watch Video (4 min)
66,-41333.33,Normal - Watch Video (4 min)
67,-41445.03,Normal - Watch Video (4 min)
68,-41355.58,Normal - Watch Video (4 min)
70,-41400.21,Normal - Watch Video (4 min)
70,-41557.89,Normal - Watch Video (4 min)
71,-41400.21,Normal - Watch Video (4 min)
72,-41377.87,Normal - Watch Video (4 min)
74,-41311.13,Normal - Watch Video (4 min)
76,-41048.3,Normal - Watch Video (4 min)
77,-40876.66,Normal - Watch Video (4 min)
78,-41288.98,Normal - Watch Video (4 min)
79,-41333.33,Normal - Watch Video (4 min)
79,-41311.13,Normal - Watch Video (4 min)
80,-41355.58,Normal - Watch Video (4 min)
80,-41400.21,Normal - Watch Video (4 min)
82,-41222.8,Normal - Watch Video (4 min)
83,-41113.4,Normal - Watch Video (4 min)
83,-40983.61,Normal - Watch Video (4 min)
85,-41005.13,Normal - Watch Video (4 min)
86,-42021.5,Normal - Watch Video (4 min)
86,-42188.52,Normal - Watch Video (4 min)
87,-42456.14,Normal - Watch Video (4 min)
89,-41740.98,Normal - Watch Video (4 min)
90,-41603.37,Normal - Watch Video (4 min)
91,-41580.61,Normal - Watch Video (4 min)
91,-41445.03,Normal - Watch Video (4 min)
92,-41445.03,Normal - Watch Video (4 min)
93,-41400.21,Normal - Watch Video (4 min)
94,-41445.03,Normal - Watch Video (4 min)
95,-41333.33,Normal - Watch Video (4 min)
96,-41333.33,Normal - Watch Video (4 min)
97,-41266.87,Normal - Watch Video (4 min)
98,-41244.81,Normal - Watch Video (4 min)
100,-42882.68,Normal - Watch Video (4 min)
101,-43594.47,Normal - Watch Video (4 min)
101,-44037.56,Normal - Watch Video (4 min)
103,-44150.95,Normal - Watch Video (4 min)
103,-43953.21,Normal - Watch Video (4 min)
104,-43567.32,Normal - Watch Video (4 min)
105,-43352.34,Normal - Watch Video (4 min)
106,-43193.66,Normal - Watch Video (4 min)
107,-43432.5,Normal - Watch Video (4 min)
108,-43432.5,Normal - Watch Video (4 min)
109,-43299.2,Normal - Watch Video (4 min)
110,-43841.68,Normal - Watch Video (4 min)
111,-44585.84,Normal - Watch Video (4 min)
112,-44323.04,Normal - Watch Video (4 min)
113,-44150.95,Normal - Watch Video (4 min)
114,-43703.7,Normal - Watch Video (4 min)
115,-43703.7,Normal - Watch Video (4 min)
116,-43540.23,Normal - Watch Video (4 min)
117,-43459.34,Normal - Watch Video (4 min)
118,-43459.34,Normal - Watch Video (4 min)
119,-43432.5,Normal - Watch Video (4 min)
120,-43786.3,Normal - Watch Video (4 min)
121,-45098.04,Normal - Watch Video (4 min)
122,-45761.01,Normal - Watch Video (4 min)
124,-46189.26,Normal - Watch Video (4 min)
124,-46323.91,Normal - Watch Video (4 min)
125,-47197.87,Normal - Watch Video (4 min)
126,-46666.67,Normal - Watch Video (4 min)
127,-45728.64,Normal - Watch Video (4 min)
128,-45504.36,Normal - Watch Video (4 min)
129,-45315.2,Normal - Watch Video (4 min)
130,-45377.94,Normal - Watch Video (4 min)
131,-45098.04,Normal - Watch Video (4 min)
133,-44884.57,Normal - Watch Video (4 min)
133,-44764.21,Normal - Watch Video (4 min)
135,-44914.84,Normal - Watch Video (4 min)
136,-44526.95,Normal - Watch Video (4 min)
136,-44824.24,Normal - Watch Video (4 min)
137,-44585.84,Normal - Watch Video (4 min)
138,-44556.36,Normal - Watch Video (4 min)
139,-44526.95,Normal - Watch Video (4 min)
140,-44468.34,Normal - Watch Video (4 min)
141,-44468.34,Normal - Watch Video (4 min)
142,-44439.14,Normal - Watch Video (4 min)
143,-44410.01,Normal - Watch Video (4 min)
144,-44150.95,Normal - Watch Video (4 min)
145,-44037.56,Normal - Watch Video (4 min)
146,-44122.5,Normal - Watch Video (4 min)
147,-44150.95,Normal - Watch Video (4 min)
148,-44094.12,Normal - Watch Video (4 min)
149,-44065.8,Normal - Watch Video (4 min)
150,-43981.27,Normal - Watch Video (4 min)
151,-44065.8,Normal - Watch Video (4 min)
152,-44122.5,Normal - Watch Video (4 min)
154,-43648.96,Normal - Watch Video (4 min)
155,-43432.5,Normal - Watch Video (4 min)
155,-43459.34,Normal - Watch Video (4 min)
156,-43953.21,Normal - Watch Video (4 min)
157,-44150.95,Normal - Watch Video (4 min)
158,-44351.96,Normal - Watch Video (4 min)
159,-44122.5,Normal - Watch Video (4 min)
160,-44208.04,Normal - Watch Video (4 min)
161,-44065.8,Normal - Watch Video (4 min)
163,-43869.46,Normal - Watch Video (4 min)
163,-43897.32,Normal - Watch Video (4 min)
164,-44122.5,Normal - Watch Video (4 min)
165,-43953.21,Normal - Watch Video (4 min)
166,-44065.8,Normal - Watch Video (4 min)
168,-44439.14,Normal - Watch Video (4 min)
168,-44975.61,Normal - Watch Video (4 min)
171,-46528.5,Normal - Watch Video (4 min)
172,-46222.79,Normal - Watch Video (4 min)
172,-46122.45,Normal - Watch Video (4 min)
172,-46122.45,Normal - Watch Video (4 min)
175,-44884.57,Normal - Watch Video (4 min)
175,-44824.24,Normal - Watch Video (4 min)
176,-44764.21,Normal - Watch Video (4 min)
177,-44615.38,Normal - Watch Video (4 min)
177,-44645.01,Normal - Watch Video (4 min)
178,-44615.38,Normal - Watch Video (4 min)
180,-44585.84,Normal - Watch Video (4 min)
180,-44556.36,Normal - Watch Video (4 min)
184,-45128.84,Normal - Watch Video (4 min)
187,-46189.26,Normal - Watch Video (4 min)
188,-46222.79,Normal - Watch Video (4 min)
188,-46222.79,Normal - Watch Video (4 min)
188,-46122.45,Normal - Watch Video (4 min)
188,-46055.98,Normal - Watch Video (4 min)
190,-45315.2,Normal - Watch Video (4 min)
190,-45440.99,Normal - Watch Video (4 min)
190,-45252.77,Normal - Watch Video (4 min)
190,-45283.95,Normal - Watch Video (4 min)
191,-45067.32,Normal - Watch Video (4 min)
192,-44884.57,Normal - Watch Video (4 min)
193,-45036.68,Normal - Watch Video (4 min)
194,-44824.24,Normal - Watch Video (4 min)
195,-44824.24,Normal - Watch Video (4 min)
197,-44615.38,Normal - Watch Video (4 min)
197,-44526.95,Normal - Watch Video (4 min)
198,-44645.01,Normal - Watch Video (4 min)
199,-45536.16,Normal - Watch Video (4 min)
200,-45504.36,Normal - Watch Video (4 min)
201,-45664.16,Normal - Watch Video (4 min)
202,-45440.99,Normal - Watch Video (4 min)
203,-45440.99,Normal - Watch Video (4 min)
204,-45098.04,Normal - Watch Video (4 min)
205,-44884.57,Normal - Watch Video (4 min)
208,-45006.11,Normal - Watch Video (4 min)
208,-44945.19,Normal - Watch Video (4 min)
208,-44884.57,Normal - Watch Video (4 min)
209,-44674.7,Normal - Watch Video (4 min)
210,-44615.38,Normal - Watch Video (4 min)
211,-44410.01,Normal - Watch Video (4 min)
212,-44468.34,Normal - Watch Video (4 min)
213,-44439.14,Normal - Watch Video (4 min)
214,-44884.57,Normal - Watch Video (4 min)
215,-45409.43,Normal - Watch Video (4 min)
216,-45409.43,Normal - Watch Video (4 min)
217,-45221.68,Normal - Watch Video (4 min)
220,-44645.01,Normal - Watch Video (4 min)
221,-44615.38,Normal - Watch Video (4 min)
221,-44468.34,Normal - Watch Video (4 min)
221,-44526.95,Normal - Watch Video (4 min)
222,-44439.14,Normal - Watch Video (4 min)
224,-45159.71,Normal - Watch Video (4 min)
224,-45377.94,Normal - Watch Video (4 min)
225,-45440.99,Normal - Watch Video (4 min)
227,-44764.21,Normal - Watch Video (4 min)
227,-44794.19,Normal - Watch Video (4 min)
228,-44556.36,Normal - Watch Video (4 min)
230,-44410.01,Normal - Watch Video (4 min)
230,-44439.14,Normal - Watch Video (4 min)
234,-44122.5,Normal - Watch Video (4 min)
234,-44150.95,Normal - Watch Video (4 min)
234,-44122.5,Normal - Watch Video (4 min)
234,-44065.8,Normal - Watch Video (4 min)
236,-44009.38,Normal - Watch Video (4 min)
238,-43897.32,Normal - Watch Video (4 min)
238,-44094.12,Normal - Watch Video (4 min)
238,-44009.38,Normal - Watch Video (4 min)
240,-43841.68,Normal - Watch Video (4 min)
242,-43567.32,Normal - Watch Video (4 min)
242,-43513.2,Normal - Watch Video (4 min)
243,-43540.23,Normal - Watch Video (4 min)
243,-43513.2,Normal - Watch Video (4 min)
245,-43405.71,Normal - Watch Video (4 min)
245,-43513.2,Normal - Watch Video (4 min)
246,-43432.5,Normal - Watch Video (4 min)
249,-43272.73,Normal - Watch Video (4 min)
249,-43193.66,Normal - Watch Video (4 min)
249,-43193.66,Normal - Watch Video (4 min)
251,-42882.68,Normal - Watch Video (4 min)
251,-43011.23,Normal - Watch Video (4 min)
252,-42831.66,Normal - Watch Video (4 min)
253,-42857.14,Normal - Watch Video (4 min)
255,-42705.1,Normal - Watch Video (4 min)
257,-42679.96,Normal - Watch Video (4 min)
259,-42431.54,Normal - Watch Video (4 min)
261,-42407,Remove 5 Easy Pieces (3 min)
266,-44674.7,Remove 5 Easy Pieces (3 min)
267,-46089.17,Remove 5 Easy Pieces (3 min)
268,-45956.91,Remove 5 Easy Pieces (3 min)
268,-46022.87,Remove 5 Easy Pieces (3 min)
268,-45891.28,Remove 5 Easy Pieces (3 min)
270,-47234.04,Remove 5 Easy Pieces (3 min)
271,-47089.95,Remove 5 Easy Pieces (3 min)
273,-46425.8,Remove 5 Easy Pieces (3 min)
274,-46122.45,Remove 5 Easy Pieces (3 min)
275,-45956.91,Remove 5 Easy Pieces (3 min)
275,-45924.05,Remove 5 Easy Pieces (3 min)
275,-45891.28,Remove 5 Easy Pieces (3 min)
275,-46022.87,Remove 5 Easy Pieces (3 min)
275,-46022.87,Remove 5 Easy Pieces (3 min)
275,-46022.87,Remove 5 Easy Pieces (3 min)
276,-45825.98,Remove 5 Easy Pieces (3 min)
277,-45696.36,Remove 5 Easy Pieces (3 min)
278,-45600,Remove 5 Easy Pieces (3 min)
279,-45664.16,Remove 5 Easy Pieces (3 min)
281,-45761.01,Remove 5 Easy Pieces (3 min)
281,-45696.36,Remove 5 Easy Pieces (3 min)
282,-45728.64,Remove 5 Easy Pieces (3 min)
284,-45221.68,Remove 5 Easy Pieces (3 min)
285,-45128.84,Remove 5 Easy Pieces (3 min)
287,-44884.57,Remove 5 Easy Pieces (3 min)
287,-44945.19,Remove 5 Easy Pieces (3 min)
288,-44764.21,Remove 5 Easy Pieces (3 min)
288,-44556.36,Remove 5 Easy Pieces (3 min)
290,-44615.38,Remove 5 Easy Pieces (3 min)
291,-44585.84,Remove 5 Easy Pieces (3 min)
291,-44645.01,Remove 5 Easy Pieces (3 min)
292,-44585.84,Remove 5 Easy Pieces (3 min)
294,-44236.69,Remove 5 Easy Pieces (3 min)
295,-44122.5,Remove 5 Easy Pieces (3 min)
297,-44037.56,Remove 5 Easy Pieces (3 min)
297,-44037.56,Remove 5 Easy Pieces (3 min)
298,-44410.01,Remove 5 Easy Pieces (3 min)
298,-44351.96,Remove 5 Easy Pieces (3 min)
299,-44410.01,Remove 5 Easy Pieces (3 min)
300,-44439.14,Remove 5 Easy Pieces (3 min)
302,-44351.96,Remove 5 Easy Pieces (3 min)
302,-44439.14,Remove 5 Easy Pieces (3 min)
304,-44179.46,Remove 5 Easy Pieces (3 min)
305,-44150.95,Remove 5 Easy Pieces (3 min)
307,-43953.21,Remove 5 Easy Pieces (3 min)
309,-43841.68,Remove 5 Easy Pieces (3 min)
311,-43731.17,Remove 5 Easy Pieces (3 min)
313,-43540.23,Remove 5 Easy Pieces (3 min)
315,-43299.2,Remove 5 Easy Pieces (3 min)
315,-43299.2,Remove 5 Easy Pieces (3 min)
315,-43272.73,Remove 5 Easy Pieces (3 min)
316,-43219.95,Remove 5 Easy Pieces (3 min)
318,-42480.79,Remove 5 Easy Pieces (3 min)
320,-43540.23,Remove 5 Easy Pieces (3 min)
321,-43869.46,Remove 5 Easy Pieces (3 min)
323,-43513.2,Remove 5 Easy Pieces (3 min)
325,-43272.73,Remove 5 Easy Pieces (3 min)
328,-42882.68,Remove 5 Easy Pieces (3 min)
329,-42857.14,Remove 5 Easy Pieces (3 min)
331,-43841.68,Remove 5 Easy Pieces (3 min)
332,-45793.45,Remove 5 Easy Pieces (3 min)
334,-46701.43,Remove 5 Easy Pieces (3 min)
336,-46666.67,Remove 5 Easy Pieces (3 min)
336,-46425.8,Remove 5 Easy Pieces (3 min)
337,-46155.81,Remove 5 Easy Pieces (3 min)
337,-46022.87,Remove 5 Easy Pieces (3 min)
338,-45696.36,Remove 5 Easy Pieces (3 min)
338,-45761.01,Remove 5 Easy Pieces (3 min)
339,-45664.16,Remove 5 Easy Pieces (3 min)
339,-45696.36,Remove 5 Easy Pieces (3 min)
339,-45664.16,Remove 5 Easy Pieces (3 min)
340,-45696.36,Remove 5 Easy Pieces (3 min)
340,-45504.36,Remove 5 Easy Pieces (3 min)
342,-45377.94,Remove 5 Easy Pieces (3 min)
342,-45252.77,Remove 5 Easy Pieces (3 min)
342,-45190.65,Remove 5 Easy Pieces (3 min)
342,-45315.2,Remove 5 Easy Pieces (3 min)
343,-45098.04,Remove 5 Easy Pieces (3 min)
344,-45006.11,Remove 5 Easy Pieces (3 min)
345,-44945.19,Remove 5 Easy Pieces (3 min)
348,-45409.43,Remove 5 Easy Pieces (3 min)
348,-45504.36,Remove 5 Easy Pieces (3 min)
346,-45006.11,Remove 5 Easy Pieces (3 min)
349,-45315.2,Remove 5 Easy Pieces (3 min)
351,-44914.84,Remove 5 Easy Pieces (3 min)
352,-44734.3,Remove 5 Easy Pieces (3 min)
352,-44764.21,Remove 5 Easy Pieces (3 min)
354,-44526.95,Remove 5 Easy Pieces (3 min)
354,-44468.34,Remove 5 Easy Pieces (3 min)
355,-44351.96,Remove 5 Easy Pieces (3 min)
356,-44294.19,Remove 5 Easy Pieces (3 min)
357,-44150.95,Remove 5 Easy Pieces (3 min)
359,-44122.5,Remove 5 Easy Pieces (3 min)
359,-44122.5,Remove 5 Easy Pieces (3 min)
360,-43869.46,Remove 5 Easy Pieces (3 min)
361,-43758.7,Remove 5 Easy Pieces (3 min)
362,-43703.7,Remove 5 Easy Pieces (3 min)
363,-43405.71,Remove 5 Easy Pieces (3 min)
365,-43352.34,Remove 5 Easy Pieces (3 min)
365,-43379,Remove 5 Easy Pieces (3 min)
366,-43352.34,Remove 5 Easy Pieces (3 min)
368,-43272.73,Remove 5 Easy Pieces (3 min)
369,-43089.06,Remove 5 Easy Pieces (3 min)
369,-43037.12,Remove 5 Easy Pieces (3 min)
370,-42882.68,Remove 5 Easy Pieces (3 min)
371,-42857.14,Remove 5 Easy Pieces (3 min)
374,-42679.96,Remove 5 Easy Pieces (3 min)
374,-42831.66,Remove 5 Easy Pieces (3 min)
374,-42780.87,Remove 5 Easy Pieces (3 min)
375,-43011.23,Remove 5 Easy Pieces (3 min)
376,-42959.64,Remove 5 Easy Pieces (3 min)
377,-42882.68,Remove 5 Easy Pieces (3 min)
378,-42780.87,Remove 5 Easy Pieces (3 min)
380,-42604.86,Remove 5 Easy Pieces (3 min)
380,-42705.1,Remove 5 Easy Pieces (3 min)
383,-42755.55,Remove 5 Easy Pieces (3 min)
383,-42908.28,Remove 5 Easy Pieces (3 min)
381,-42480.79,Remove 5 Easy Pieces (3 min)
384,-42730.3,Remove 5 Easy Pieces (3 min)
385,-42831.66,Remove 5 Easy Pieces (3 min)
386,-42679.96,Remove 5 Easy Pieces (3 min)
387,-42629.84,Remove 5 Easy Pieces (3 min)
388,-42579.93,Remove 5 Easy Pieces (3 min)
389,-42555.07,Remove 5 Easy Pieces (3 min)
390,-42604.86,Remove 5 Easy Pieces (3 min)
391,-42480.79,Remove 5 Easy Pieces (3 min)
392,-42456.14,Remove 5 Easy Pieces (3 min)
393,-42431.54,Remove 5 Easy Pieces (3 min)
397,-42212.58,Remove 5 Easy Pieces (3 min)
397,-42188.52,Remove 5 Easy Pieces (3 min)
397,-42236.7,Remove 5 Easy Pieces (3 min)
395,-42407,Remove 5 Easy Pieces (3 min)
398,-42092.77,Remove 5 Easy Pieces (3 min)
399,-42140.54,Remove 5 Easy Pieces (3 min)
401,-42021.5,Remove 5 Easy Pieces (3 min)
401,-42116.63,Remove 5 Easy Pieces (3 min)
402,-41974.25,Remove 5 Easy Pieces (3 min)
403,-42068.96,Remove 5 Easy Pieces (3 min)
404,-41997.85,Remove 5 Easy Pieces (3 min)
406,-41997.85,Remove 5 Easy Pieces (3 min)
406,-42068.96,Remove 5 Easy Pieces (3 min)
407,-42092.77,Remove 5 Easy Pieces (3 min)
408,-42382.51,Remove 5 Easy Pieces (3 min)
409,-42333.7,Remove 5 Easy Pieces (3 min)
410,-42333.7,Remove 5 Easy Pieces (3 min)
411,-42188.52,Remove 5 Easy Pieces (3 min)
412,-42309.37,Remove 5 Easy Pieces (3 min)
413,-42309.37,Remove 5 Easy Pieces (3 min)
414,-42309.37,Remove 5 Easy Pieces (3 min)
415,-42140.54,Remove 5 Easy Pieces (3 min)
417,-42407,Remove 5 Easy Pieces (3 min)
417,-42431.54,Remove 5 Easy Pieces (3 min)
418,-42908.28,Remove 5 Easy Pieces (3 min)
420,-43352.34,Remove 5 Easy Pieces (3 min)
420,-43272.73,Remove 5 Easy Pieces (3 min)
421,-43272.73,Remove 5 Easy Pieces (3 min)
422,-43141.24,Remove 5 Easy Pieces (3 min)
423,-44439.14,Remove 5 Easy Pieces (3 min)
424,-45377.94,Remove 5 Easy Pieces (3 min)
425,-46425.8,Remove 5 Easy Pieces (3 min)
427,-46666.67,Remove 5 Easy Pieces (3 min)
428,-46771.24,Remove 5 Easy Pieces (3 min)
428,-46982.87,Remove 5 Easy Pieces (3 min)
429,-48248.28,Remove 5 Easy Pieces (3 min)
431,-48093.28,Remove 5 Easy Pieces (3 min)
431,-48170.56,Remove 5 Easy Pieces (3 min)
432,-47826.09,Remove 5 Easy Pieces (3 min)
433,-47489.93,Remove 5 Easy Pieces (3 min)
434,-47234.04,Remove 5 Easy Pieces (3 min)
435,-47234.04,Remove 5 Easy Pieces (3 min)
436,-47197.87,Remove 5 Easy Pieces (3 min)
437,-47018.47,Remove 5 Easy Pieces (3 min)
438,-46841.41,Remove 5 Easy Pieces (3 min)
439,-46841.41,Remove 5 Easy Pieces (3 min)
440,-46666.67,Remove 12 Pieces with Noise (1 min)
441,-46494.18,Remove 12 Pieces with Noise (1 min)
442,-46631.99,Remove 12 Pieces with Noise (1 min)
443,-46982.87,Remove 12 Pieces with Noise (1 min)
445,-50704.65,Remove 12 Pieces with Noise (1 min)
445,-51411.04,Remove 12 Pieces with Noise (1 min)
447,-52000,Remove 12 Pieces with Noise (1 min)
447,-51459.29,Remove 12 Pieces with Noise (1 min)
448,-50251.11,Remove 12 Pieces with Noise (1 min)
450,-49510.09,Remove 12 Pieces with Noise (1 min)
450,-49340.97,Remove 12 Pieces with Noise (1 min)
451,-48967.47,Remove 12 Pieces with Noise (1 min)
453,-49090.91,Remove 12 Pieces with Noise (1 min)
453,-50073.42,Remove 12 Pieces with Noise (1 min)
457,-49854.23,Remove 12 Pieces with Noise (1 min)
457,-49897.81,Remove 12 Pieces with Noise (1 min)
457,-49897.81,Remove 12 Pieces with Noise (1 min)
458,-49681.16,Remove 12 Pieces with Noise (1 min)
460,-49299,Remove 12 Pieces with Noise (1 min)
460,-49383.07,Remove 12 Pieces with Noise (1 min)
462,-48484,Remove 12 Pieces with Noise (1 min)
462,-48643.36,Remove 12 Pieces with Noise (1 min)
463,-48404.99,Remove 12 Pieces with Noise (1 min)
463,-48444.45,Remove 12 Pieces with Noise (1 min)
465,-48444.45,Remove 12 Pieces with Noise (1 min)
465,-48326.42,Remove 12 Pieces with Noise (1 min)
467,-48209.37,Remove 12 Pieces with Noise (1 min)
468,-47978.14,Remove 12 Pieces with Noise (1 min)
468,-48054.79,Remove 12 Pieces with Noise (1 min)
469,-48723.7,Remove 12 Pieces with Noise (1 min)
471,-48967.47,Remove 12 Pieces with Noise (1 min)
471,-48967.47,Remove 12 Pieces with Noise (1 min)
473,-48248.28,Remove 12 Pieces with Noise (1 min)
473,-48209.37,Remove 12 Pieces with Noise (1 min)
475,-48016.41,Remove 12 Pieces with Noise (1 min)
476,-48248.28,Remove 12 Pieces with Noise (1 min)
476,-48054.79,Remove 12 Pieces with Noise (1 min)
477,-48563.46,Remove 12 Pieces with Noise (1 min)
481,-47713.13,Remove 12 Pieces with Noise (1 min)
481,-47901.91,Remove 12 Pieces with Noise (1 min)
481,-47939.97,Remove 12 Pieces with Noise (1 min)
481,-47939.97,Remove 12 Pieces with Noise (1 min)
482,-47197.87,Remove 12 Pieces with Noise (1 min)
483,-48248.28,Remove 12 Pieces with Noise (1 min)
484,-48444.45,Remove 12 Pieces with Noise (1 min)
485,-48248.28,Remove 12 Pieces with Noise (1 min)
486,-48016.41,Remove 12 Pieces with Noise (1 min)
488,-49215.41,Remove 12 Pieces with Noise (1 min)
488,-49215.41,Remove 12 Pieces with Noise (1 min)
489,-49767.44,Remove 12 Pieces with Noise (1 min)
492,-49810.77,Remove 12 Pieces with Noise (1 min)
492,-49767.44,Remove 12 Pieces with Noise (1 min)
492,-49810.77,Remove 12 Pieces with Noise (1 min)
493,-49340.97,Remove 12 Pieces with Noise (1 min)
494,-48804.5,Remove 12 Pieces with Noise (1 min)
496,-48444.45,Remove 12 Pieces with Noise (1 min)
497,-48444.45,Remove 12 Pieces with Noise (1 min)
497,-48404.99,Remove 12 Pieces with Noise (1 min)
499,-48287.29,Remove 12 Pieces with Noise (1 min)
500,-48248.28,Relaxation with Music (1 min)
500,-48326.42,Relaxation with Music (1 min)
502,-48563.46,Relaxation with Music (1 min)
503,-48804.5,Relaxation with Music (1 min)
503,-49090.91,Relaxation with Music (1 min)
504,-48523.68,Relaxation with Music (1 min)
506,-48016.41,Relaxation with Music (1 min)
507,-48131.87,Relaxation with Music (1 min)
507,-48209.37,Relaxation with Music (1 min)
509,-49049.64,Relaxation with Music (1 min)
509,-49810.77,Relaxation with Music (1 min)
510,-51219.51,Relaxation with Music (1 min)
511,-51124.62,Relaxation with Music (1 min)
512,-50162,Relaxation with Music (1 min)
514,-50704.65,Relaxation with Music (1 min)
514,-50750.75,Relaxation with Music (1 min)
515,-50385.76,Relaxation with Music (1 min)
516,-49767.44,Relaxation with Music (1 min)
517,-49767.44,Relaxation with Music (1 min)
518,-49552.67,Relaxation with Music (1 min)
519,-50073.42,Relaxation with Music (1 min)
520,-50029.32,Relaxation with Music (1 min)
521,-49767.44,Relaxation with Music (1 min)
522,-49173.79,Relaxation with Music (1 min)
523,-48723.7,Relaxation with Music (1 min)
524,-49467.62,Relaxation with Music (1 min)
525,-49767.44,Relaxation with Music (1 min)
526,-49552.67,Relaxation with Music (1 min)
528,-49090.91,Relaxation with Music (1 min)
530,-48643.36,Relaxation with Music (1 min)
530,-48603.35,Relaxation with Music (1 min)
530,-48563.46,Relaxation with Music (1 min)
531,-48404.99,Relaxation with Music (1 min)
532,-48404.99,Relaxation with Music (1 min)
534,-48170.56,Relaxation with Music (1 min)
534,-48170.56,Relaxation with Music (1 min)
535,-48365.65,Relaxation with Music (1 min)
536,-48365.65,Relaxation with Music (1 min)
537,-48054.79,Relaxation with Music (1 min)
538,-47939.97,Relaxation with Music (1 min)
540,-47826.09,Relaxation with Music (1 min)
540,-47675.68,Relaxation with Music (1 min)
541,-47563.93,Relaxation with Music (1 min)
542,-47416.33,Relaxation with Music (1 min)
543,-47453.08,Relaxation with Music (1 min)
544,-47234.04,Relaxation with Music (1 min)
545,-47234.04,Relaxation with Music (1 min)
546,-46982.87,Relaxation with Music (1 min)
547,-47125.83,Relaxation with Music (1 min)
548,-47018.47,Relaxation with Music (1 min)
549,-46982.87,Relaxation with Music (1 min)
550,-46736.29,Relaxation with Music (1 min)
551,-46562.91,Relaxation with Music (1 min)
552,-46597.4,Relaxation with Music (1 min)
553,-46597.4,Relaxation with Music (1 min)
554,-46425.8,Relaxation with Music (1 min)
555,-46155.81,Relaxation with Music (1 min)
556,-46122.45,Relaxation with Music (1 min)
557,-46089.17,Relaxation with Music (1 min)
558,-46089.17,Relaxation with Music (1 min)
559,-46055.98,Relaxation with Music (1 min)
560,-45989.85,Session Finished
561,-45761.01,Session Finished
563,-45891.28,Session Finished
563,-46022.87,Session Finished
565,-49049.64,Calibration (20s)
565,-49132.29,Calibration (20s)
566,-49090.91,Calibration (20s)
567,-31709.55,Calibration (20s)
568,-31296.19,Calibration (20s)
569,-31185.14,Calibration (20s)
570,-31064.29,Calibration (20s)
571,-31088.25,Calibration (20s)
572,-31064.29,Calibration (20s)
573,-31130.44,Calibration (20s)
574,-31160.76,Calibration (20s)
575,-31160.76,Calibration (20s)
576,-31197.37,Calibration (20s)
577,-31197.37,Calibration (20s)
578,-31130.44,Calibration (20s)
579,-31118.35,Calibration (20s)
580,-31094.26,Calibration (20s)
581,-31100.27,Calibration (20s)
582,-31058.31,Calibration (20s)
583,-31088.25,Calibration (20s)
584,-31094.26,Calibration (20s)
585,-31088.25,Calibration (20s)
587,-31094.26,Calibration (20s)
587,-31052.35,Calibration (20s)
588,-31052.35,Calibration (20s)
589,-31040.43,Calibration (20s)
590,-31106.29,Calibration (20s)
591,-31118.35,Calibration (20s)
592,-31172.94,Calibration (20s)
593,-31160.76,Calibration (20s)
594,-31064.29,Calibration (20s)
595,-31040.43,Calibration (20s)
596,-31052.35,Calibration (20s)
597,-31034.48,Calibration (20s)
598,-31040.43,Calibration (20s)
599,-31034.48,Calibration (20s)
600,-31034.48,Calibration (20s)
601,-31010.75,Calibration (20s)
602,-31034.48,Calibration (20s)
603,-31010.75,Calibration (20s)
604,-31028.54,Calibration (20s)
605,-31185.14,Calibration (20s)
606,-31333.7,Calibration (20s)
607,-31415.83,Calibration (20s)
609,-31669.52,Calibration (20s)
609,-31669.52,Calibration (20s)
610,-31722.95,Calibration (20s)
611,-31749.86,Calibration (20s)
612,-31865.59,Calibration (20s)
0,-31920.84,Calibration (20s)
1,-31913.9,Calibration (20s)
2,-31948.66,Calibration (20s)
3,-31969.61,Calibration (20s)
4,-31983.62,Calibration (20s)
5,-32011.73,Calibration (20s)
6,-32032.9,Calibration (20s)
7,-32054.15,Calibration (20s)
8,-32068.36,Calibration (20s)
9,-32104.02,Calibration (20s)
10,-32168.75,Calibration (20s)
12,-32154.3,Calibration (20s)
12,-32154.3,Calibration (20s)
14,-32168.75,Calibration (20s)
14,-32168.75,Calibration (20s)
15,-32168.75,Calibration (20s)
16,-32190.48,Calibration (20s)
17,-32197.74,Calibration (20s)
18,-32183.22,Calibration (20s)
19,-32205.01,Calibration (20s)
21,-32226.87,Normal - Watch Video (4 min)
22,-32212.28,Normal - Watch Video (4 min)
22,-32190.48,Normal - Watch Video (4 min)
23,-32183.22,Normal - Watch Video (4 min)
25,-32248.8,Normal - Watch Video (4 min)
25,-32270.82,Normal - Watch Video (4 min)
26,-32285.54,Normal - Watch Video (4 min)
27,-32234.17,Normal - Watch Video (4 min)
29,-32270.82,Normal - Watch Video (4 min)
29,-32307.69,Normal - Watch Video (4 min)
30,-32315.09,Normal - Watch Video (4 min)
31,-32337.35,Normal - Watch Video (4 min)
32,-32329.92,Normal - Watch Video (4 min)
33,-32344.79,Normal - Watch Video (4 min)
34,-32307.69,Normal - Watch Video (4 min)
35,-32359.69,Normal - Watch Video (4 min)
36,-32382.1,Normal - Watch Video (4 min)
38,-32374.62,Normal - Watch Video (4 min)
39,-32389.59,Normal - Watch Video (4 min)
39,-32359.69,Normal - Watch Video (4 min)
40,-32374.62,Normal - Watch Video (4 min)
41,-32404.6,Normal - Watch Video (4 min)
42,-32404.6,Normal - Watch Video (4 min)
43,-32359.69,Normal - Watch Video (4 min)
44,-32389.59,Normal - Watch Video (4 min)
45,-32419.65,Normal - Watch Video (4 min)
46,-32427.18,Normal - Watch Video (4 min)
47,-32427.18,Normal - Watch Video (4 min)
48,-32419.65,Normal - Watch Video (4 min)
49,-32427.18,Normal - Watch Video (4 min)
50,-32465,Normal - Watch Video (4 min)
51,-32434.73,Normal - Watch Video (4 min)
52,-32427.18,Normal - Watch Video (4 min)
53,-32427.18,Normal - Watch Video (4 min)
54,-32465,Normal - Watch Video (4 min)
55,-32427.18,Normal - Watch Video (4 min)
58,-32480.2,Normal - Watch Video (4 min)
58,-32449.85,Normal - Watch Video (4 min)
59,-32449.85,Normal - Watch Video (4 min)
59,-32495.42,Normal - Watch Video (4 min)
60,-32495.42,Normal - Watch Video (4 min)
61,-32465,Normal - Watch Video (4 min)
62,-32465,Normal - Watch Video (4 min)
63,-32495.42,Normal - Watch Video (4 min)
64,-32510.69,Normal - Watch Video (4 min)
65,-32449.85,Normal - Watch Video (4 min)
66,-32457.42,Normal - Watch Video (4 min)
67,-32549.02,Normal - Watch Video (4 min)
68,-32525.99,Normal - Watch Video (4 min)
70,-32541.34,Normal - Watch Video (4 min)
70,-32556.71,Normal - Watch Video (4 min)
71,-32564.42,Normal - Watch Video (4 min)
72,-32525.99,Normal - Watch Video (4 min)
73,-32564.42,Normal - Watch Video (4 min)
74,-32549.02,Normal - Watch Video (4 min)
75,-32434.73,Normal - Watch Video (4 min)
76,-32634.18,Normal - Watch Video (4 min)
78,-32744.24,Normal - Watch Video (4 min)
78,-32800,Normal - Watch Video (4 min)
79,-32800,Normal - Watch Video (4 min)
80,-32824.05,Normal - Watch Video (4 min)
81,-32760.13,Normal - Watch Video (4 min)
82,-32912.99,Normal - Watch Video (4 min)
83,-32673.27,Normal - Watch Video (4 min)
84,-32720.5,Normal - Watch Video (4 min)
85,-32776.04,Normal - Watch Video (4 min)
86,-32744.24,Normal - Watch Video (4 min)
87,-32712.6,Normal - Watch Video (4 min)
88,-32792,Normal - Watch Video (4 min)
89,-32832.08,Normal - Watch Video (4 min)
91,-32856.25,Normal - Watch Video (4 min)
91,-32921.14,Normal - Watch Video (4 min)
92,-32848.18,Normal - Watch Video (4 min)
93,-32888.61,Normal - Watch Video (4 min)
95,-32872.41,Normal - Watch Video (4 min)
95,-32888.61,Normal - Watch Video (4 min)
96,-32912.99,Normal - Watch Video (4 min)
97,-32912.99,Normal - Watch Video (4 min)
98,-32880.5,Normal - Watch Video (4 min)
99,-32856.25,Normal - Watch Video (4 min)
100,-32848.18,Normal - Watch Video (4 min)
101,-32832.08,Normal - Watch Video (4 min)
102,-32832.08,Normal - Watch Video (4 min)
103,-32840.12,Normal - Watch Video (4 min)
104,-32800,Normal - Watch Video (4 min)
105,-32800,Normal - Watch Video (4 min)
106,-32800,Normal - Watch Video (4 min)
107,-32792,Normal - Watch Video (4 min)
108,-32800,Normal - Watch Video (4 min)
109,-32752.18,Normal - Watch Video (4 min)
110,-32768.08,Normal - Watch Video (4 min)
111,-32688.97,Normal - Watch Video (4 min)
112,-32760.13,Normal - Watch Video (4 min)
113,-32712.6,Normal - Watch Video (4 min)
114,-32696.84,Normal - Watch Video (4 min)
115,-32744.24,Normal - Watch Video (4 min)
116,-32696.84,Normal - Watch Video (4 min)
117,-32712.6,Normal - Watch Video (4 min)
118,-32696.84,Normal - Watch Video (4 min)
119,-32720.5,Normal - Watch Video (4 min)
120,-32752.18,Normal - Watch Video (4 min)
122,-32673.27,Normal - Watch Video (4 min)
122,-32728.4,Normal - Watch Video (4 min)
123,-32712.6,Normal - Watch Video (4 min)
124,-32696.84,Normal - Watch Video (4 min)
125,-32712.6,Normal - Watch Video (4 min)
126,-32784.02,Normal - Watch Video (4 min)
127,-32784.02,Normal - Watch Video (4 min)
129,-32752.18,Normal - Watch Video (4 min)
129,-32728.4,Normal - Watch Video (4 min)
130,-32712.6,Normal - Watch Video (4 min)
131,-32728.4,Normal - Watch Video (4 min)
132,-32744.24,Normal - Watch Video (4 min)
133,-32744.24,Normal - Watch Video (4 min)
134,-32752.18,Normal - Watch Video (4 min)
135,-32681.12,Normal - Watch Video (4 min)
136,-32696.84,Normal - Watch Video (4 min)
137,-32673.27,Normal - Watch Video (4 min)
138,-32681.12,Normal - Watch Video (4 min)
139,-32681.12,Normal - Watch Video (4 min)
140,-32688.97,Normal - Watch Video (4 min)
141,-32688.97,Normal - Watch Video (4 min)
142,-32712.6,Normal - Watch Video (4 min)
143,-32681.12,Normal - Watch Video (4 min)
144,-32712.6,Normal - Watch Video (4 min)
145,-32673.27,Normal - Watch Video (4 min)
146,-32688.97,Normal - Watch Video (4 min)
148,-32688.97,Normal - Watch Video (4 min)
148,-32681.12,Normal - Watch Video (4 min)
149,-32681.12,Normal - Watch Video (4 min)
150,-32673.27,Normal - Watch Video (4 min)
151,-32673.27,Normal - Watch Video (4 min)
152,-32649.78,Normal - Watch Video (4 min)
153,-32673.27,Normal - Watch Video (4 min)
154,-32665.43,Normal - Watch Video (4 min)
155,-32681.12,Normal - Watch Video (4 min)
156,-32673.27,Normal - Watch Video (4 min)
157,-32681.12,Normal - Watch Video (4 min)
158,-32688.97,Normal - Watch Video (4 min)
159,-32673.27,Normal - Watch Video (4 min)
160,-32681.12,Normal - Watch Video (4 min)
161,-32673.27,Normal - Watch Video (4 min)
162,-32673.27,Normal - Watch Video (4 min)
163,-32665.43,Normal - Watch Video (4 min)
164,-32673.27,Normal - Watch Video (4 min)
166,-32673.27,Normal - Watch Video (4 min)
167,-32673.27,Normal - Watch Video (4 min)
167,-32673.27,Normal - Watch Video (4 min)
168,-32657.6,Normal - Watch Video (4 min)
169,-32673.27,Normal - Watch Video (4 min)
170,-32681.12,Normal - Watch Video (4 min)
171,-32673.27,Normal - Watch Video (4 min)
172,-32657.6,Normal - Watch Video (4 min)
173,-32673.27,Normal - Watch Video (4 min)
174,-32665.43,Normal - Watch Video (4 min)
175,-32673.27,Normal - Watch Video (4 min)
176,-32673.27,Normal - Watch Video (4 min)
177,-32665.43,Normal - Watch Video (4 min)
178,-32673.27,Normal - Watch Video (4 min)
179,-32665.43,Normal - Watch Video (4 min)
181,-32657.6,Normal - Watch Video (4 min)
181,-32673.27,Normal - Watch Video (4 min)
182,-32673.27,Normal - Watch Video (4 min)
183,-32634.18,Normal - Watch Video (4 min)
184,-32634.18,Normal - Watch Video (4 min)
185,-32618.61,Normal - Watch Video (4 min)
186,-32657.6,Normal - Watch Video (4 min)
187,-32634.18,Normal - Watch Video (4 min)
188,-32665.43,Normal - Watch Video (4 min)
189,-32641.97,Normal - Watch Video (4 min)
190,-32626.39,Normal - Watch Video (4 min)
191,-32641.97,Normal - Watch Video (4 min)
192,-32649.78,Normal - Watch Video (4 min)
193,-32634.18,Normal - Watch Video (4 min)
195,-32626.39,Normal - Watch Video (4 min)
195,-32618.61,Normal - Watch Video (4 min)
196,-32626.39,Normal - Watch Video (4 min)
197,-32649.78,Normal - Watch Video (4 min)
198,-32572.13,Normal - Watch Video (4 min)
199,-32603.08,Normal - Watch Video (4 min)
200,-32626.39,Normal - Watch Video (4 min)
201,-32657.6,Normal - Watch Video (4 min)
202,-32603.08,Normal - Watch Video (4 min)
203,-32641.97,Normal - Watch Video (4 min)
204,-32673.27,Normal - Watch Video (4 min)
205,-32712.6,Normal - Watch Video (4 min)
206,-32728.4,Normal - Watch Video (4 min)
207,-32681.12,Normal - Watch Video (4 min)
208,-32673.27,Normal - Watch Video (4 min)
209,-32673.27,Normal - Watch Video (4 min)
210,-32673.27,Normal - Watch Video (4 min)
211,-32673.27,Normal - Watch Video (4 min)
212,-32673.27,Normal - Watch Video (4 min)
213,-32673.27,Normal - Watch Video (4 min)
214,-32712.6,Normal - Watch Video (4 min)
216,-32784.02,Normal - Watch Video (4 min)
216,-32800,Normal - Watch Video (4 min)
217,-32792,Normal - Watch Video (4 min)
219,-32800,Normal - Watch Video (4 min)
219,-32800,Normal - Watch Video (4 min)
220,-32800,Normal - Watch Video (4 min)
222,-32784.02,Normal - Watch Video (4 min)
222,-32800,Normal - Watch Video (4 min)
223,-32800,Normal - Watch Video (4 min)
224,-32800,Normal - Watch Video (4 min)
225,-32784.02,Normal - Watch Video (4 min)
226,-32776.04,Normal - Watch Video (4 min)
227,-32752.18,Normal - Watch Video (4 min)
228,-32800,Normal - Watch Video (4 min)
229,-32840.12,Normal - Watch Video (4 min)
231,-32840.12,Normal - Watch Video (4 min)
231,-32848.18,Normal - Watch Video (4 min)
232,-32872.41,Normal - Watch Video (4 min)
233,-32840.12,Normal - Watch Video (4 min)
234,-32848.18,Normal - Watch Video (4 min)
235,-32929.29,Normal - Watch Video (4 min)
236,-32888.61,Normal - Watch Video (4 min)
237,-32929.29,Normal - Watch Video (4 min)
238,-32904.85,Normal - Watch Video (4 min)
239,-32912.99,Normal - Watch Video (4 min)
240,-32929.29,Normal - Watch Video (4 min)
241,-32929.29,Normal - Watch Video (4 min)
242,-32912.99,Normal - Watch Video (4 min)
243,-32929.29,Normal - Watch Video (4 min)
244,-32888.61,Normal - Watch Video (4 min)
246,-32929.29,Normal - Watch Video (4 min)
246,-32929.29,Normal - Watch Video (4 min)
247,-32888.61,Normal - Watch Video (4 min)
248,-32912.99,Normal - Watch Video (4 min)
249,-32848.18,Normal - Watch Video (4 min)
250,-32912.99,Normal - Watch Video (4 min)
251,-32880.5,Normal - Watch Video (4 min)
252,-32921.14,Normal - Watch Video (4 min)
253,-32896.73,Normal - Watch Video (4 min)
255,-32904.85,Normal - Watch Video (4 min)
255,-32848.18,Normal - Watch Video (4 min)
256,-32864.32,Normal - Watch Video (4 min)
257,-32888.61,Normal - Watch Video (4 min)
258,-32840.12,Normal - Watch Video (4 min)
259,-32872.41,Normal - Watch Video (4 min)
260,-32856.25,Remove 5 Easy Pieces (3 min)
261,-32824.05,Remove 5 Easy Pieces (3 min)
262,-32792,Remove 5 Easy Pieces (3 min)
263,-32880.5,Remove 5 Easy Pieces (3 min)
264,-32904.85,Remove 5 Easy Pieces (3 min)
265,-33119.8,Remove 5 Easy Pieces (3 min)
266,-33394.37,Remove 5 Easy Pieces (3 min)
267,-33500.33,Remove 5 Easy Pieces (3 min)
269,-33837.84,Remove 5 Easy Pieces (3 min)
270,-34371.93,Remove 5 Easy Pieces (3 min)
270,-35114.39,Remove 5 Easy Pieces (3 min)
271,-35802.47,Remove 5 Easy Pieces (3 min)
272,-37109.44,Remove 5 Easy Pieces (3 min)
273,-38584.39,Remove 5 Easy Pieces (3 min)
274,-40019.55,Remove 5 Easy Pieces (3 min)
275,-40098.14,Remove 5 Easy Pieces (3 min)
277,-40237.15,Remove 5 Easy Pieces (3 min)
278,-40019.55,Remove 5 Easy Pieces (3 min)
278,-39692.31,Remove 5 Easy Pieces (3 min)
279,-39635.67,Remove 5 Easy Pieces (3 min)
280,-39230.05,Remove 5 Easy Pieces (3 min)
281,-39140.19,Remove 5 Easy Pieces (3 min)
283,-38998.14,Remove 5 Easy Pieces (3 min)
283,-39430.74,Remove 5 Easy Pieces (3 min)
284,-40919.3,Remove 5 Easy Pieces (3 min)
286,-41764.08,Remove 5 Easy Pieces (3 min)
286,-42021.5,Remove 5 Easy Pieces (3 min)
288,-42959.64,Remove 5 Easy Pieces (3 min)
288,-43325.74,Remove 5 Easy Pieces (3 min)
290,-43272.73,Remove 5 Easy Pieces (3 min)
291,-42679.96,Remove 5 Easy Pieces (3 min)
291,-42358.08,Remove 5 Easy Pieces (3 min)
292,-42116.63,Remove 5 Easy Pieces (3 min)
293,-41856.99,Remove 5 Easy Pieces (3 min)
294,-41810.44,Remove 5 Easy Pieces (3 min)
295,-41856.99,Remove 5 Easy Pieces (3 min)
297,-42309.37,Remove 5 Easy Pieces (3 min)
297,-42164.5,Remove 5 Easy Pieces (3 min)
299,-42021.5,Remove 5 Easy Pieces (3 min)
300,-41903.74,Remove 5 Easy Pieces (3 min)
300,-41467.5,Remove 5 Easy Pieces (3 min)
301,-41355.58,Remove 5 Easy Pieces (3 min)
303,-41266.87,Remove 5 Easy Pieces (3 min)
303,-41113.4,Remove 5 Easy Pieces (3 min)
304,-41333.33,Remove 5 Easy Pieces (3 min)
305,-41069.96,Remove 5 Easy Pieces (3 min)
306,-40983.61,Remove 5 Easy Pieces (3 min)
307,-40855.4,Remove 5 Easy Pieces (3 min)
309,-40962.13,Remove 5 Easy Pieces (3 min)
309,-40834.18,Remove 5 Easy Pieces (3 min)
310,-40378.11,Remove 5 Easy Pieces (3 min)
311,-40317.46,Remove 5 Easy Pieces (3 min)
312,-40197.24,Remove 5 Easy Pieces (3 min)
313,-40058.77,Remove 5 Easy Pieces (3 min)
314,-40019.55,Remove 5 Easy Pieces (3 min)
315,-40019.55,Remove 5 Easy Pieces (3 min)
316,-39616.86,Remove 5 Easy Pieces (3 min)
317,-39523.36,Remove 5 Easy Pieces (3 min)
318,-39375.59,Remove 5 Easy Pieces (3 min)
319,-39212.01,Remove 5 Easy Pieces (3 min)
320,-39104.48,Remove 5 Easy Pieces (3 min)
321,-39068.9,Remove 5 Easy Pieces (3 min)
322,-38998.14,Remove 5 Easy Pieces (3 min)
323,-38858.2,Remove 5 Easy Pieces (3 min)
324,-38806.25,Remove 5 Easy Pieces (3 min)
325,-38601.27,Remove 5 Easy Pieces (3 min)
326,-38550.73,Remove 5 Easy Pieces (3 min)
327,-38517.18,Remove 5 Easy Pieces (3 min)
328,-38417.27,Remove 5 Easy Pieces (3 min)
330,-38302.05,Remove 5 Easy Pieces (3 min)
330,-38285.71,Remove 5 Easy Pieces (3 min)
331,-38139.95,Remove 5 Easy Pieces (3 min)
332,-38028.17,Remove 5 Easy Pieces (3 min)
333,-37949.17,Remove 5 Easy Pieces (3 min)
334,-37870.86,Remove 5 Easy Pieces (3 min)
335,-37808.7,Remove 5 Easy Pieces (3 min)
336,-37746.97,Remove 5 Easy Pieces (3 min)
337,-37549.27,Remove 5 Easy Pieces (3 min)
338,-37534.25,Remove 5 Easy Pieces (3 min)
339,-37519.25,Remove 5 Easy Pieces (3 min)
340,-37489.32,Remove 5 Easy Pieces (3 min)
341,-37326.57,Remove 5 Easy Pieces (3 min)
342,-37311.92,Remove 5 Easy Pieces (3 min)
343,-37311.92,Remove 5 Easy Pieces (3 min)
344,-37341.23,Remove 5 Easy Pieces (3 min)
345,-37429.79,Remove 5 Easy Pieces (3 min)
347,-37326.57,Remove 5 Easy Pieces (3 min)
347,-37311.92,Remove 5 Easy Pieces (3 min)
348,-37224.56,Remove 5 Easy Pieces (3 min)
349,-37109.44,Remove 5 Easy Pieces (3 min)
351,-37080.9,Remove 5 Easy Pieces (3 min)
351,-36995.85,Remove 5 Easy Pieces (3 min)
352,-36967.69,Remove 5 Easy Pieces (3 min)
353,-36869.85,Remove 5 Easy Pieces (3 min)
354,-36911.64,Remove 5 Easy Pieces (3 min)
355,-36814.45,Remove 5 Easy Pieces (3 min)
356,-36773.14,Remove 5 Easy Pieces (3 min)
357,-36773.14,Remove 5 Easy Pieces (3 min)
359,-36623.37,Remove 5 Easy Pieces (3 min)
359,-36623.37,Remove 5 Easy Pieces (3 min)
360,-36449.8,Remove 5 Easy Pieces (3 min)
361,-36423.42,Remove 5 Easy Pieces (3 min)
362,-36397.12,Remove 5 Easy Pieces (3 min)
363,-36410.26,Remove 5 Easy Pieces (3 min)
364,-36279.81,Remove 5 Easy Pieces (3 min)
365,-36215.36,Remove 5 Easy Pieces (3 min)
366,-36189.72,Remove 5 Easy Pieces (3 min)
367,-36075.35,Remove 5 Easy Pieces (3 min)
368,-36062.75,Remove 5 Easy Pieces (3 min)
369,-36000,Remove 5 Easy Pieces (3 min)
370,-35962.59,Remove 5 Easy Pieces (3 min)
371,-35826.89,Remove 5 Easy Pieces (3 min)
372,-35778.12,Remove 5 Easy Pieces (3 min)
373,-35765.97,Remove 5 Easy Pieces (3 min)
374,-35729.65,Remove 5 Easy Pieces (3 min)
375,-35621.66,Remove 5 Easy Pieces (3 min)
376,-35526.91,Remove 5 Easy Pieces (3 min)
377,-35586,Remove 5 Easy Pieces (3 min)
378,-35444.95,Remove 5 Easy Pieces (3 min)
379,-35421.69,Remove 5 Easy Pieces (3 min)
380,-35421.69,Remove 5 Easy Pieces (3 min)
381,-35410.08,Remove 5 Easy Pieces (3 min)
382,-35283.58,Remove 5 Easy Pieces (3 min)
383,-35329.34,Remove 5 Easy Pieces (3 min)
384,-35260.8,Remove 5 Easy Pieces (3 min)
385,-35226.77,Remove 5 Easy Pieces (3 min)
386,-35136.73,Remove 5 Easy Pieces (3 min)
390,-35003.66,Remove 5 Easy Pieces (3 min)
391,-35036.71,Remove 5 Easy Pieces (3 min)
391,-35058.82,Remove 5 Easy Pieces (3 min)
391,-35025.68,Remove 5 Easy Pieces (3 min)
391,-34970.76,Remove 5 Easy Pieces (3 min)
392,-34981.71,Remove 5 Easy Pieces (3 min)
393,-34905.39,Remove 5 Easy Pieces (3 min)
394,-34819.1,Remove 5 Easy Pieces (3 min)
395,-34808.39,Remove 5 Easy Pieces (3 min)
396,-34776.34,Remove 5 Easy Pieces (3 min)
397,-34712.64,Remove 5 Easy Pieces (3 min)
399,-34702.08,Remove 5 Easy Pieces (3 min)
399,-34649.5,Remove 5 Easy Pieces (3 min)
400,-34649.5,Remove 5 Easy Pieces (3 min)
401,-34649.5,Remove 5 Easy Pieces (3 min)
402,-34597.29,Remove 5 Easy Pieces (3 min)
403,-34545.45,Remove 5 Easy Pieces (3 min)
404,-34545.45,Remove 5 Easy Pieces (3 min)
405,-34524.82,Remove 5 Easy Pieces (3 min)
407,-34483.73,Remove 5 Easy Pieces (3 min)
408,-34473.5,Remove 5 Easy Pieces (3 min)
408,-34432.7,Remove 5 Easy Pieces (3 min)
409,-34382.02,Remove 5 Easy Pieces (3 min)
410,-34382.02,Remove 5 Easy Pieces (3 min)
411,-34331.7,Remove 5 Easy Pieces (3 min)
412,-34351.79,Remove 5 Easy Pieces (3 min)
413,-34371.93,Remove 5 Easy Pieces (3 min)
414,-34311.67,Remove 5 Easy Pieces (3 min)
415,-34242,Remove 5 Easy Pieces (3 min)
416,-34202.5,Remove 5 Easy Pieces (3 min)
417,-34232.11,Remove 5 Easy Pieces (3 min)
418,-34192.65,Remove 5 Easy Pieces (3 min)
419,-34163.21,Remove 5 Easy Pieces (3 min)
421,-34133.89,Remove 5 Easy Pieces (3 min)
421,-34104.68,Remove 5 Easy Pieces (3 min)
422,-34114.4,Remove 5 Easy Pieces (3 min)
424,-34075.6,Remove 5 Easy Pieces (3 min)
424,-34094.98,Remove 5 Easy Pieces (3 min)
425,-34075.6,Remove 5 Easy Pieces (3 min)
426,-34056.28,Remove 5 Easy Pieces (3 min)
428,-34065.93,Remove 5 Easy Pieces (3 min)
428,-34017.8,Remove 5 Easy Pieces (3 min)
429,-34065.93,Remove 5 Easy Pieces (3 min)
430,-33998.63,Remove 5 Easy Pieces (3 min)
431,-33979.52,Remove 5 Easy Pieces (3 min)
432,-33979.52,Remove 5 Easy Pieces (3 min)
433,-33979.52,Remove 5 Easy Pieces (3 min)
434,-33931.97,Remove 5 Easy Pieces (3 min)
435,-33931.97,Remove 5 Easy Pieces (3 min)
436,-33922.5,Remove 5 Easy Pieces (3 min)
437,-33913.04,Remove 5 Easy Pieces (3 min)
438,-33894.16,Remove 5 Easy Pieces (3 min)
439,-33856.56,Remove 5 Easy Pieces (3 min)
440,-33847.2,Remove 12 Pieces with Noise (1 min)
441,-33894.16,Remove 12 Pieces with Noise (1 min)
442,-33809.84,Remove 12 Pieces with Noise (1 min)
443,-33865.95,Remove 12 Pieces with Noise (1 min)
444,-33828.5,Remove 12 Pieces with Noise (1 min)
445,-34017.8,Remove 12 Pieces with Noise (1 min)
447,-34493.98,Remove 12 Pieces with Noise (1 min)
447,-35802.47,Remove 12 Pieces with Noise (1 min)
448,-37429.79,Remove 12 Pieces with Noise (1 min)
449,-39122.32,Remove 12 Pieces with Noise (1 min)
450,-40521.04,Remove 12 Pieces with Noise (1 min)
452,-42530.25,Remove 12 Pieces with Noise (1 min)
452,-44265.4,Remove 12 Pieces with Noise (1 min)
454,-45504.36,Remove 12 Pieces with Noise (1 min)
454,-45793.45,Remove 12 Pieces with Noise (1 min)
455,-47054.16,Remove 12 Pieces with Noise (1 min)
456,-48444.45,Remove 12 Pieces with Noise (1 min)
457,-49008.5,Remove 12 Pieces with Noise (1 min)
458,-49299,Remove 12 Pieces with Noise (1 min)
460,-49854.23,Remove 12 Pieces with Noise (1 min)
460,-50567.16,Remove 12 Pieces with Noise (1 min)
461,-52150.71,Remove 12 Pieces with Noise (1 min)
462,-52559.62,Remove 12 Pieces with Noise (1 min)
463,-52302.84,Remove 12 Pieces with Noise (1 min)
464,-51900.31,Remove 12 Pieces with Noise (1 min)
465,-51362.94,Remove 12 Pieces with Noise (1 min)
466,-52000,Remove 12 Pieces with Noise (1 min)
467,-54420.17,Remove 12 Pieces with Noise (1 min)
468,-56967.51,Remove 12 Pieces with Noise (1 min)
470,-57509.16,Remove 12 Pieces with Noise (1 min)
471,-58787.88,Remove 12 Pieces with Noise (1 min)
472,-60796.81,Remove 12 Pieces with Noise (1 min)
472,-61541.58,Remove 12 Pieces with Noise (1 min)
474,-60078.28,Remove 12 Pieces with Noise (1 min)
474,-58861.48,Remove 12 Pieces with Noise (1 min)
475,-61042.09,Remove 12 Pieces with Noise (1 min)
476,-62489.62,Remove 12 Pieces with Noise (1 min)
477,-61710.79,Remove 12 Pieces with Noise (1 min)
479,-64137.93,Remove 12 Pieces with Noise (1 min)
480,-63948.5,Remove 12 Pieces with Noise (1 min)
480,-65816.55,Remove 12 Pieces with Noise (1 min)
482,-68646.08,Remove 12 Pieces with Noise (1 min)
483,-67407.41,Remove 12 Pieces with Noise (1 min)
483,-65010.99,Remove 12 Pieces with Noise (1 min)
485,-65010.99,Remove 12 Pieces with Noise (1 min)
486,-66334.84,Remove 12 Pieces with Noise (1 min)
486,-65612.47,Remove 12 Pieces with Noise (1 min)
487,-63481.95,Remove 12 Pieces with Noise (1 min)
488,-66022.47,Remove 12 Pieces with Noise (1 min)
489,-71200,Remove 12 Pieces with Noise (1 min)
490,-71328.32,Remove 12 Pieces with Noise (1 min)
491,-70567.9,Remove 12 Pieces with Noise (1 min)
493,-69112.71,Remove 12 Pieces with Noise (1 min)
493,-71586.9,Remove 12 Pieces with Noise (1 min)
495,-71072.32,Remove 12 Pieces with Noise (1 min)
495,-77047.35,Remove 12 Pieces with Noise (1 min)
497,-79190.75,Remove 12 Pieces with Noise (1 min)
497,-76109.59,Remove 12 Pieces with Noise (1 min)
499,-72512.82,Remove 12 Pieces with Noise (1 min)
499,-73194.8,Remove 12 Pieces with Noise (1 min)
500,-77528.09,Relaxation with Music (1 min)
501,-76418.73,Relaxation with Music (1 min)
503,-73753.28,Relaxation with Music (1 min)
503,-73612.56,Relaxation with Music (1 min)
504,-72512.82,Relaxation with Music (1 min)
505,-73472.59,Relaxation with Music (1 min)
507,-73056.99,Relaxation with Music (1 min)
508,-73472.59,Relaxation with Music (1 min)
509,-79020.17,Relaxation with Music (1 min)
509,-79883.04,Relaxation with Music (1 min)
510,-78017,Relaxation with Music (1 min)
512,-75053.77,Relaxation with Music (1 min)
512,-71200,Relaxation with Music (1 min)
513,-73194.8,Relaxation with Music (1 min)
515,-76418.73,Relaxation with Music (1 min)
516,-75501.35,Relaxation with Music (1 min)
517,-75202.16,Relaxation with Music (1 min)
517,-73612.56,Relaxation with Music (1 min)
518,-71586.9,Relaxation with Music (1 min)
520,-70073.35,Relaxation with Music (1 min)
520,-68995.22,Relaxation with Music (1 min)
521,-66757.99,Relaxation with Music (1 min)
522,-66757.99,Relaxation with Music (1 min)
524,-77206.7,Relaxation with Music (1 min)
525,-81501.5,Relaxation with Music (1 min)
525,-78181.82,Relaxation with Music (1 min)
526,-75652.17,Relaxation with Music (1 min)
527,-74179.89,Relaxation with Music (1 min)
529,-72647.81,Relaxation with Music (1 min)
529,-70073.35,Relaxation with Music (1 min)
530,-68188.23,Relaxation with Music (1 min)
532,-66651.48,Relaxation with Music (1 min)
533,-64425.16,Relaxation with Music (1 min)
534,-63574.47,Relaxation with Music (1 min)
534,-62577.96,Relaxation with Music (1 min)
535,-60960,Relaxation with Music (1 min)
536,-60078.28,Relaxation with Music (1 min)
538,-58208.96,Relaxation with Music (1 min)
539,-56967.51,Relaxation with Music (1 min)
539,-56571.43,Relaxation with Music (1 min)
541,-55617.39,Relaxation with Music (1 min)
542,-55310.34,Relaxation with Music (1 min)
542,-55310.34,Relaxation with Music (1 min)
543,-54594.59,Relaxation with Music (1 min)
545,-53851.24,Relaxation with Music (1 min)
546,-53032.26,Relaxation with Music (1 min)
547,-52715.66,Relaxation with Music (1 min)
548,-52150.71,Relaxation with Music (1 min)
548,-51900.31,Relaxation with Music (1 min)
550,-51801.24,Relaxation with Music (1 min)
551,-51314.98,Relaxation with Music (1 min)
551,-51314.98,Relaxation with Music (1 min)
553,-52820.51,Relaxation with Music (1 min)
554,-54190.32,Relaxation with Music (1 min)
555,-54190.32,Relaxation with Music (1 min)
556,-53409.46,Relaxation with Music (1 min)
556,-52926.05,Relaxation with Music (1 min)
557,-52456.42,Relaxation with Music (1 min)
559,-52302.84,Relaxation with Music (1 min)
560,-51900.31,Session Finished
561,-51459.29,Session Finished
561,-51171.99,Session Finished
563,-51124.62,Session Finished
564,-50750.75,Session Finished
564,-50162,Session Finished
565,-49767.44,Session Finished
566,-49510.09,Session Finished
568,-49090.91,Session Finished
568,-49090.91,Session Finished
569,-49299,Session Finished
